id,is_partner_event,title,body,chapter,organizer,event_register,banner,date,limit,external,rsvp_link,venue,address,map_link
100,0,Athens October Travel Massive,Athens October Travel Massive,1,,,event12.jpg,2014-10-22T18:00:00+00:00,,1,https://www.eventbrite.com/e/travel-massive-tbex-athens-tickets-13495829389,Impact Hub Athens,,"https://www.google.com/maps/place/Impact+Hub+Athens/@37.978044,23.724688,17z/data=!3m1!4b1!4m2!3m1!1s0x14a1bd230a939d8d:0xffe58839b4bcddc7"
101,0,Athens January Travel Massive,Athens January Travel Massive,1,,,event12.jpg,2014-01-28T18:00:00+00:00,,1,https://www.facebook.com/events/1439322406298234/,"Contemporary Art Meeting Point 4 Efpolidos & 2 Apellou str., Kotzia Square, Athens",,"https://maps.google.com/maps?q=Karaiskaki+28,+10554+Athens,+Greece&hl=en&sll=37.7577,-122.4376&sspn=0.166117,0.313454&hnear=Karaiskaki+28,+Athina,+Kentrikos+Tomeas+Athinon,+Greece&t=m&z=16"
102,0,Athens June Travel Massive,Athens June Travel Massive,1,,,event12.jpg,2014-06-19T18:00:00+00:00,,1,https://www.facebook.com/events/648426885240065/?ref_notif_type=plan_user_joined&source=1,Impact Hub Athens,,"https://www.google.com/maps/place/%CE%99%CF%89%CE%AC%CE%BD%CE%BD%CE%B7%CF%82+%CE%A7%CE%B1%CF%8A%CE%B4%CE%BF%CF%8D%CE%BB%CE%B7%CF%82+-+Kalliopeia+Educational+Centers/@37.948264,23.715864,17z/data=!3m1!4b1!4m2!3m1!1s0x14a1bdad2f11b0b5:0xa75f913a9286303"
103,0,Atlanta January Travel Massive,Atlanta January Travel Massive,2,,,event12.jpg,2014-01-22T18:00:00+00:00,,1,http://www.eventbrite.com/e/atlanta-travel-massive-january-meetup-tickets-10073583359?aff=efbevent,The Hub Impact Athens,,"https://maps.google.com/maps?q=Chick-a-Biddy+264+19th+Street+Northwest++Atlanta,+GA+30363&hl=en&sll=37.7577,-122.4376&sspn=0.15526,0.313454&hq=Chick-a-Biddy&hnear=264+19th+St+NW,+Atlanta,+Georgia+30363&t=m&z=16"
104,0,Atlanta September Travel Massive,Atlanta September Travel Massive,2,,,event12.jpg,2014-09-24T18:00:00+00:00,,1,http://www.eventbrite.com/e/atlanta-travel-massive-september-meetup-registration-13009538881?aff=efbbt,The Spence,,"https://www.google.com.mx/maps/place/The+Spence/@33.777076,-84.389173,17z/data=!3m1!4b1!4m2!3m1!1s0x88f50466eb99a355:0xbdd0915c533b8414?hl=en"
105,0,Atlanta July Travel Massive,Atlanta July Travel Massive,2,,,event12.jpg,2014-07-14T18:00:00+00:00,,1,https://www.eventbrite.com/e/travel-massive-july-meeting-registration-11836383943,Across the Street,,"https://www.google.com/maps/search/Across+the+Street+668+Highland+Ave+NE+Atlanta,+GA+30312/@33.761454,-84.365355,17z/data=!3m1!4b1"
106,0,Austin June Travel Massive,Austin June Travel Massive,3,,,event12.jpg,2014-06-18T18:00:00+00:00,,1,https://www.eventbrite.com/e/travel-massive-austin-launch-meetup-tickets-11861446907?ref=enivtefor001&invite=NjA1NTMyOS9lcmlrYUB0cmF2ZWxtYXNzaXZlLmNvbS8w&utm_source=eb_email&utm_medium=email&utm_campaign=inviteformal001&utm_term=eventpage,Departure Lounge,,"https://www.google.com/maps/place/Departure+Lounge/@30.26781,-97.746533,17z/data=!3m1!4b1!4m2!3m1!1s0x8644b5093a9d9f7d:0x4c743242e3a0e365"
107,0,Bali September Travel Massive,Bali September Travel Massive,3,,,event12.jpg,2014-09-11T18:00:00+00:00,,1,https://www.facebook.com/events/761911753858460/,Man Shed Sanur-Bali,,"https://www.google.com/maps/place/Jl.+Tirta+Nadi+II+No.9,+Denpasar+Selatan,+Denpasar,+Bali,+Indonesia/@-8.7029909,115.2538972,17z/data=!3m1!4b1!4m2!3m1!1s0x2dd241bc0084a2b9:0x87027a19eef025cc"
108,0,Bangkok August Travel Massive,Bangkok August Travel Massive,4,,,event12.jpg,2014-08-27T18:00:00+00:00,,1,https://www.eventbrite.com/e/bangkok-travel-massive-kick-off-event-tickets-12685792547,Venue TBA,,
109,0,Bangkok November Travel Massive,Bangkok November Travel Massive,4,,,event12.jpg,2014-11-18T18:00:00+00:00,,1,http://www.eventbrite.com/e/travel-massive-bangkok-november-event-tickets-14082482083,Dexter Cafe & Bar,,"https://www.google.fr/maps/place/Something+Sweet+Bakery+Cafe'/@13.723001,100.531361,17z/data=!3m1!4b1!4m2!3m1!1s0x30e29f2d61f0abcd:0x9a30f2a3c65faed4?hl=en"
110,0,Berlin July Travel Massive,Berlin July Travel Massive,5,,,event12.jpg,2014-07-17T18:00:00+00:00,,1,http://www.eventbrite.de/e/travel-massive-tech-open-air-tickets-12137301997?utm_campaign=new_eventv2&utm_medium=email&utm_source=eb_email&utm_term=eventurl_text,Factory,,"https://www.google.com/maps/place/Rheinsberger+Stra%C3%9Fe+76%2F77+Factory+GmbH+%26+Co.+KG+c%2Fo+S%2BP+Grundbesitz+Verwaltungs-GmbH/@52.508903,13.378424,17z/data=!3m1!4b1!4m2!3m1!1s0x47a851ceb040c7d1:0xee3325f86419f9ff"
111,0,Berlin August Travel Massive,Berlin August Travel Massive,5,,,event12.jpg,2014-08-30T18:00:00+00:00,,1,http://www.twisper.com/thewestisback/,,,"https://www.google.com/maps/place/L%C3%BCtzowplatz+7,+10785+Berlin,+Germany/@52.50455,13.35381,17z/data=!3m1!4b1!4m2!3m1!1s0x47a8504d46bd67ff:0xb18eb67f86905815"
112,0,Berlin May Travel Massive,Berlin May Travel Massive,5,,,event12.jpg,2014-05-27T18:00:00+00:00,,1,https://www.eventbrite.com.au/e/berlin-travel-massive-may-tickets-11329052501,Mobilesuite Coworking,"Pappelallee 78 Berlin, 10437",
113,0,Berlin November Travel Massive,Berlin November Travel Massive,5,,,event12.jpg,2014-11-10T18:00:00+00:00,,1,https://www.eventbrite.de/e/berlin-travel-massive-morning-coffee-tickets-13959155209,Mein Haus am See,,"https://www.google.gr/maps/place/Mein+Haus+am+See/@52.530007,13.400767,17z/data=!3m1!4b1!4m2!3m1!1s0x47a851e4f7dac0a3:0x94b597b583b852a7?hl=en"
114,0,Bilbao February Travel Massive,Bilbao February Travel Massive,6,,,event12.jpg,2014-02-28T18:00:00+00:00,,1,http://bilbaotravelmassive.eventbrite.com/,Hotel Mira Bilbao Ventanal, 77 Alameda de Mazarredo - 48009 Bilbao,"https://maps.google.com/maps?hl=es&safe=off&um=1&ie=UTF-8&q=Hotel+Mir%C3%B3+Bilbao+-+Sal%C3%B3n+Ventanal&fb=1&hq=Hotel+Mir%C3%B3+Bilbao+-+Sal%C3%B3n+Ventanal&cid=0,0,12821087742437418146&sa=X&ei=4zBPUJqiE4e3hAecwIDwAw&ved=0CI8BEPwSMAM"
115,0,Bilbao June Travel Massive,Bilbao June Travel Massive,6,,,event12.jpg,2014-06-04T18:00:00+00:00,,1,http://bilbaotravelmassive.eventbrite.com/,Hotel Mira Bilbao Ventanal, 77 Alameda de Mazarredo - 48009 Bilbao,"https://maps.google.com/maps?hl=es&safe=off&um=1&ie=UTF-8&q=Hotel+Mir%C3%B3+Bilbao+-+Sal%C3%B3n+Ventanal&fb=1&hq=Hotel+Mir%C3%B3+Bilbao+-+Sal%C3%B3n+Ventanal&cid=0,0,12821087742437418146&sa=X&ei=4zBPUJqiE4e3hAecwIDwAw&ved=0CI8BEPwSMAM"
116,0,Boston May Travel Massive,Boston May Travel Massive,7,,,event12.jpg,2014-05-15T18:00:00+00:00,,1,http://www.meetup.com/Boston-Travel-Massive/events/177813612/?a=ea1_grp&rv=ea1&_af_eid=177813612&_af=event,PayPal Start Tank,,"https://www.google.com/maps/place/1+International+Pl/@42.3560716,-71.0527295,17z/data=!3m1!4b1!4m2!3m1!1s0x89e37086d53055ad:0x72d50a94a8cc26aa?hl=en"
117,0,Brighton March Travel Massive,Brighton March Travel Massive,7,,,event12.jpg,2014-03-27T18:00:00+00:00,,1,http://www.eventbrite.co.uk/e/travelmassive-brighton-tickets-9635027627,The Old Market,,"https://maps.google.com/maps?q=The+Old+Market+11A+Upper+Market+Street++BN3+1AS+Brighton+United+Kingdom+&hl=en&sll=37.7577,-122.4376&sspn=0.15526,0.313454&hq=The+Old+Market+11A+Upper+Market+Street+BN3+1AS&hnear=Brighton,+The+City+of+Brighton+and+Hove,+United+Kingdom&t=m&z=15"
118,0,Brisbane April Travel Massive,Brisbane April Travel Massive,8,,,event12.jpg,2014-04-11T18:00:00+00:00,,1,http://www.meetup.com/Travel-Massive-Brisbane/events/173427912/?a=ea1_grp&rv=ea1&_af_eid=173427912&_af=event,"The Terrace Bar, Hotel Urban Brisbane",,"https://www.google.com/maps/place/Urban+Brisbane/@-27.46449,153.021097,17z/data=!3m1!4b1!4m2!3m1!1s0x6b915a018a9cb04d:0xed2a15ca96124a3f"
119,0,Brisbane June Travel Massive,Brisbane June Travel Massive,8,,,event12.jpg,2014-06-20T18:00:00+00:00,,1,http://www.meetup.com/Travel-Massive-Brisbane/events/187512682/?a=ea1_grp&rv=ea1&_af_eid=187512682&_af=event,Gambaro Hotel,,"https://www.google.com/maps/place/33+Caxton+St/@-27.464086,153.012911,17z/data=!3m1!4b1!4m2!3m1!1s0x6b9150aa592d63d5:0x99d9c2b8038c8970?hl=en"
120,0,Brisbane October Travel Massive,Brisbane October Travel Massive,8,,,event12.jpg,2014-10-24T18:00:00+00:00,,1,http://www.meetup.com/Travel-Massive-Brisbane/events/212332042/?a=ea1_grp&rv=ea1&_af_eid=212332042&_af=event,NEXT Hotel Brisbane,,"https://www.google.com/maps/place/72+Queen+St,+Brisbane+QLD+4000,+Australia/@-27.4703,153.0244219,17z/data=!3m1!4b1!4m2!3m1!1s0x6b915a049394948d:0x834f2d5ac2de6ba4?hl=en"
121,0,Brisbane December Travel Massive,Brisbane December Travel Massive,8,,,event12.jpg,2014-12-12T18:00:00+00:00,,1,http://www.meetup.com/Travel-Massive-Brisbane/events/218864200/?a=ea1_grp&rv=ea1&_af_eid=218864200&_af=event,emporium hotel cocktail bar,,"https://www.google.com/maps/place/1000+Ann+St,+Fortitude+Valley+QLD+4006,+Australia/@-27.453113,153.039131,17z/data=!3m1!4b1!4m2!3m1!1s0x6b915992d8132879:0xf9984fff6a0fd41?hl=en"
122,0,British Columbia May Travel Massive,British Columbia May Travel Massive,9,,,event12.jpg,2014-05-15T18:00:00+00:00,,1,http://www.meetup.com/Vancouver-Travel-Network/events/181331802/?a=ea1_grp&rv=ea1&_af_eid=181331802&_af=event,Cinema Public House,,"https://www.google.com/maps/preview?f=q&hl=en&q=901+Granville+Street,+Vancouver,+BC,+ca"
123,0,British Columbia June Travel Massive,British Columbia June Travel Massive,9,,,event12.jpg,2014-06-19T18:00:00+00:00,,1,http://www.meetup.com/Vancouver-Travel-Network/events/186457862/?a=ea1_grp&rv=ea1&_af_eid=186457862&_af=event,The Granville Room,,"https://www.google.com/maps/place/957+Granville+St/@49.2104281,-123.1404784,17z/data=!3m1!4b1!4m2!3m1!1s0x548674949f550605:0xb6310bee56dc5b5f?hl=en"
124,0,Brussels September Travel Massive,Brussels September Travel Massive,10,,,event12.jpg,2014-09-18T18:00:00+00:00,,1,http://twtup.com/yhwilxjp2b4xl2p,Peck47,,
125,0,Brussels November Travel Massive,Brussels November Travel Massive,10,,,event12.jpg,2014-11-20T18:00:00+00:00,,1,http://vite.io/brusselstravelmassive,Rock Salt Chilli Peppers,,"https://www.google.fr/maps/place/Rock+Salt+Chilli+Peppers/@50.850556,4.368078,17z/data=!3m1!4b1!4m2!3m1!1s0x47c3c37c576a6427:0x4b13ec73c39c673e?hl=en"
126,0,Buenos Aires August Travel Massive,Buenos Aires August Travel Massive,11,,,event12.jpg,2014-08-27T18:00:00+00:00,,1,https://www.facebook.com/events/675033482571315/,Magdalena's Party,,"https://www.google.com/maps/place/Magdalena's+Party/@-34.6208145,-58.4402225,11z/data=!4m5!1m2!2m1!1sMagdalena's+Party+Thames+1795,+C1414DDI+Buenos+Aires,+Argentina!3m1!1s0x95bcb588af4131b7:0xb722e1331f345d4f"
127,0,Calgary November Travel Massive,Calgary November Travel Massive,11,,,event12.jpg,2014-11-04T18:00:00+00:00,,1,https://www.facebook.com/events/934193189941816/,Gravity Espresso and Wine Bar,,"https://www.google.com/maps/place/Gravity+Espresso+%26+Wine+Bar/@51.042442,-114.038008,17z/data=!3m1!4b1!4m2!3m1!1s0x53717aaeee7c3a31:0x567b9420028ceded"
128,0,Cape Town June Travel Massive,Cape Town June Travel Massive,12,,,event12.jpg,2014-06-18T18:00:00+00:00,,1,http://www.eventbrite.com/e/travel-massive-cape-town-i-love-my-laundry-tickets-11802657065,I Love My Laundry,,"https://www.google.com/maps/place/Cape+Town+Laundry/@-33.919596,18.418103,17z/data=!3m1!4b1!4m2!3m1!1s0x1dcc67665a7f5e3f:0x87d6fa8a89d69264"
129,0,Cape Town April Travel Massive,Cape Town April Travel Massive,12,,,event12.jpg,2014-04-30T18:00:00+00:00,,1,http://www.eventbrite.com/e/travel-massive-cape-town-tickets-11280340803,Once In Cape Town,,"https://www.google.com/maps/place/Once+in+Cape+Town/@-33.93035,18.41077,17z/data=!4m2!3m1!1s0x1dcc67719a51f261:0x8c9cf1508f9ba4be"
130,0,Cape Town December Travel Massive,Cape Town December Travel Massive,12,,,event12.jpg,2014-12-17T18:00:00+00:00,,1,http://www.eventbrite.com/e/travel-massive-year-end-roof-top-bash-travelstart-tickets-14841626705,Travelstart Roof Top,,"https://www.google.com/maps/place/56+Shortmarket+St,+Cape+Town+City+Centre,+Cape+Town,+8000,+South+Africa/@-33.92205,18.41985,17z/data=!3m1!4b1!4m2!3m1!1s0x1dcc6764235178c9:0x23d123de4b2db395"
131,0,Cape Town September Travel Massive,Cape Town September Travel Massive,12,,,event12.jpg,2014-09-04T18:00:00+00:00,,1,https://www.facebook.com/events/729224170481652/,,,"https://www.google.com/maps/place/Thornton+Whites/@-33.916143,18.423223,17z/data=!3m1!4b1!4m2!3m1!1s0x1dcc6760c6af7725:0x8aa82f48a7662ea8"
132,0,Chicago June Travel Massive,Chicago June Travel Massive,14,,,event12.jpg,2014-06-19T18:00:00+00:00,,1,https://www.eventbrite.com/e/travel-massive-chicago-monthly-meet-up-tickets-11908026227?ref=enivtefor001&utm_source=eb_email&utm_medium=email&utm_campaign=inviteformalv2&utm_term=attend,Bongiorno's Italian Deli & Pizzeria,,"https://www.google.com/maps/place/Bongiorno's+Pizza/@41.890148,-87.625771,17z/data=!3m1!4b1!4m2!3m1!1s0x880e2cae7a2a7379:0x1df5c05bf239bca8"
133,0,Chicago May Travel Massive,Chicago May Travel Massive,14,,,event12.jpg,2014-05-19T18:00:00+00:00,,1,https://www.eventbrite.com/e/travel-massive-chicago-the-biggest-travel-industry-meetup-around-the-world-tickets-11285211371?ref=estw,405 N. Wabash Avenue,,"https://www.google.com/maps/place/405+N+Wabash+Ave/@41.8898398,-87.6259274,17z/data=!3m1!4b1!4m2!3m1!1s0x880e2cae7d871977:0x81d9bdd785793c20"
134,0,Cincinnati November Travel Massive,Cincinnati November Travel Massive,14,,,event12.jpg,2014-11-06T18:00:00+00:00,,1,http://www.adventuretravel.biz/events/adventureconnect-cincinnati-ohio/,Roadtrippers Offices,"1131 East Mcmicken Avenue, Cincinnati, OH","https://www.google.com.mx/maps/place/131+E+McMicken+Ave,+Cincinnati,+OH+45202,+USA/@39.113852,-84.5138769,17z/data=!3m1!4b1!4m2!3m1!1s0x8841b3fc8260e8e5:0x80ea8b1178b4ef8a?hl=en"
135,0,Colorado February Travel Massive,Colorado February Travel Massive,15,,,event12.jpg,2014-02-19T18:00:00+00:00,,1,http://www.meetup.com/Colorado-Travel-Massive/events/162825242/?a=ea1_grp&rv=ea1&_af_eid=162825242&_af=event,Aspenware,,"https://maps.google.com/maps?q=450+Lincoln+Street,+Suite+101,+Denver,+CO,+us&hl=en&hnear=450+Lincoln+St+%23101,+Denver,+Colorado+80203&t=m&z=16"
136,0,Colorado June Travel Massive,Colorado June Travel Massive,15,,,event12.jpg,2014-06-17T18:00:00+00:00,,1,http://www.meetup.com/Colorado-Travel-Massive/events/185900772/?a=ea1_grp&rv=ea1&_af_eid=185900772&_af=event,Vita Restaurant,,"https://www.google.com/maps/place/1575+Boulder+St/@39.759242,-105.010975,17z/data=!3m1!4b1!4m2!3m1!1s0x876c789493cc01f5:0x1755d5198b6edc2f?hl=en"
137,0,Dublin September Travel Massive,Dublin September Travel Massive,17,,,event12.jpg,2014-09-25T18:00:00+00:00,,1,http://dublintravelmassive.com/,Dandelion Club,"130, 133 St Stephen's Green West, Dublin 2","https://www.google.com/maps/place/Dandelion+Bar,+Bistro+%26+Club/@53.33961,-6.261536,17z/data=!3m2!4b1!5s0x48670e9e9dcfb7d9:0xae835e3f5d38ba95!4m2!3m1!1s0x48670e9ea6973d31:0xb0df91ea127d9a5"
138,0,Dublin August Travel Massive,Dublin August Travel Massive,17,,,event12.jpg,2014-08-27T18:00:00+00:00,,1,http://www.eventbrite.ie/e/travel-massive-dublin-august-meet-up-with-special-guest-ray-nolan-tickets-12750670599?utm_campaign=new_eventv2&utm_medium=email&utm_source=eb_email&utm_term=eventname_text,The Stag's Head,,"https://www.google.com/maps/place/The+Stag's+Head/@53.343758,-6.263531,17z/data=!3m1!4b1!4m2!3m1!1s0x48670e9ce8919bf1:0x7310209e5b553be6"
139,0,Dublin November Travel Massive,Dublin November Travel Massive,17,,,event12.jpg,2014-11-20T18:00:00+00:00,,1,http://www.eventbrite.ie/e/travel-massive-dublin-november-meet-up-with-special-guest-timothy-oneil-dunne-tickets-14352102525?utm_campaign=new_eventv2&utm_medium=email&utm_source=eb_email&utm_term=eventname_text,O'Donoghue's Bar at the back,,"https://www.google.com/maps/place/15+Merrion+Row,+Dublin+2,+Ireland/@53.3381846,-6.2541682,17z/data=!3m1!4b1!4m2!3m1!1s0x48670e99c9acd13f:0x4efdbed7d824f2be"
140,0,Dublin December Travel Massive,Dublin December Travel Massive,17,,,event12.jpg,2014-12-16T18:00:00+00:00,,1,http://www.eventbrite.ie/e/travel-massive-dublin-year-end-networking-tickets-14523902383?utm_campaign=new_eventv2&utm_medium=email&utm_source=eb_email&utm_term=eventname_text,Jack Nealons Pub - Upstairs,,"https://www.google.com/maps/place/165-166+Capel+St,+Dublin+1,+Ireland/@53.346365,-6.268185,17z/data=!3m1!4b1!4m2!3m1!1s0x48670e82a1c3e281:0x424bf5e6b5c0a02d"
141,0,Dublin May Travel Massive,Dublin May Travel Massive,17,,,event12.jpg,2014-05-19T18:00:00+00:00,,1,https://www.eventbrite.ie/e/travelmassive-phocuswright-europe-tickets-11591288857,TBD,,
142,0,Toronto Travel Massive August Travel Massive,Toronto Travel Massive August Travel Massive,53,,,event12.jpg,2014-08-27T18:00:00+00:00,,1,http://twtvite.com/TTMIndiaTourism,The Host," 14 Prince Arthur Ave - Toronto, Ontario M5R 1A9","https://www.google.com/maps/place/The+Host+Fine+Indian+Cuisine/@43.669829,-79.395857,17z/data=!3m1!4b1!4m2!3m1!1s0x882b34a4c826a391:0x87889d013292d07e"
143,0,Hong Kong October Travel Massive,Hong Kong October Travel Massive,18,,,event12.jpg,2014-10-09T18:00:00+00:00,,1,http://www.meetup.com/HKTravelMassive/events/208419662/,Brotzeit Hong Kong,,"https://www.google.com/maps/preview?f=q&hl=en&q=Shop+G6/UG16,Tsim+Sha+Tsui+Centre+66+Mody+Road,+Tsim+Sha+Tsui+East,+Kowloon,+Kowloon,+hk"
144,0,Hong Kong March Travel Massive,Hong Kong March Travel Massive,18,,,event12.jpg,2014-03-06T18:00:00+00:00,,1,https://www.facebook.com/events/827633063929044/,Divino Patio," Shop 11, 1/F, BRIM28 - Causeway Centre, No. 28 Harbour Road, Wanchai",
145,0,Houston June Travel Massive,Houston June Travel Massive,19,,,event12.jpg,2014-06-05T18:00:00+00:00,,1,https://www.eventbrite.com/e/travel-massive-houston-launch-event-tickets-10603861435,The De Gaulle (Next to Hughes Hanger),,"https://www.google.com/maps/place/2811+Washington+Ave/@29.7684789,-95.3879658,17z/data=!3m1!4b1!4m2!3m1!1s0x8640bf539a99f213:0x73892a3afd6fba00"
146,0,Houston September Travel Massive,Houston September Travel Massive,19,,,event12.jpg,2014-09-26T18:00:00+00:00,,1,https://www.facebook.com/events/1514948692077021/,HI Houston,,"https://www.google.com.mx/maps/place/HI-Houston:+The+Morty+Rich+Hostel/@29.743095,-95.387587,17z/data=!3m1!4b1!4m2!3m1!1s0x8640bf66a05c9397:0x1ee36978797dbea6?hl=en"
147,0,Houston August Travel Massive,Houston August Travel Massive,19,,,event12.jpg,2014-08-22T18:00:00+00:00,,1,https://www.eventbrite.com/e/houston-travel-massive-event-the-travel-bloggersphere-tickets-12526724771,Bacchus Houston Wine & Coffee Bar,,"https://www.google.com/maps/place/Bacchus/@29.743608,-95.402248,17z/data=!3m1!4b1!4m2!3m1!1s0x8640c0999a32af2b:0x361dada7bc9e5996"
148,0,Houston September Travel Massive,Houston September Travel Massive,19,,,event12.jpg,2014-09-26T18:00:00+00:00,,1,https://www.facebook.com/events/1514948692077021/,HI Houston,,"https://www.google.com.mx/maps/place/HI-Houston:+The+Morty+Rich+Hostel/@29.743095,-95.387587,17z/data=!3m1!4b1!4m2!3m1!1s0x8640bf66a05c9397:0x1ee36978797dbea6?hl=en"
149,0,Johannesburg September Travel Massive,Johannesburg September Travel Massive,19,,,event12.jpg,2014-09-08T18:00:00+00:00,,1,https://www.facebook.com/events/360130264136274/?context=create&source=49#,Shikisha Restaurant & Live Music Venue,,
150,0,Kiev October Travel Massive,Kiev October Travel Massive,20,,,event12.jpg,2013-10-18T18:00:00+00:00,,1,https://www.facebook.com/events/172404529629524/,"Tarelka restaurant, Dmitrievskaya str. 62/20",,
151,0,Kiev July Travel Massive,Kiev July Travel Massive,20,,,event12.jpg,2014-07-11T18:00:00+00:00,,1,https://www.facebook.com/events/317287785095289/?ref_newsfeed_story_type=regular,"University of Economics and Law ""Krok""",,"https://www.google.com/maps/search/University+of+Economics+and+Law+%22Krok%22+Str.+Camp,+30-32,+Kyiv,+Ukraine,+03113/@50.461287,30.42833,17z/data=!3m1!4b1"
152,0,Kiev August Travel Massive,Kiev August Travel Massive,20,,,event12.jpg,2014-08-28T18:00:00+00:00,,1,https://www.facebook.com/events/510243839111177/?context=create&source=49#,Confectionery House,Moskovska str.29 A Kiev,"https://www.google.ru/maps/place/%D0%B2%D1%83%D0%BB.+%D0%9C%D0%BE%D1%81%D0%BA%D0%BE%D0%B2%D1%81%D1%8C%D0%BA%D0%B0,+29%D0%90,+%D0%9A%D0%B8%D1%97%D0%B2,+%D0%BC%D1%96%D1%81%D1%82%D0%BE+%D0%9A%D0%B8%D1%97%D0%B2,+%D0%A3%D0%BA%D1%80%D0%B0%D0%B8%D0%BD%D0%B0/@50.437326,30.545116,17z/data=!3m1!4b1!4m2!3m1!1s0x40d4cfa7bf99096d:0xb5098ac3edeeb654"
153,0,Kiev November Travel Massive,Kiev November Travel Massive,20,,,event12.jpg,2014-11-15T18:00:00+00:00,,1,https://www.facebook.com/events/876831429001765/,Grigliata Italiana,,"https://www.google.com/maps/place/Grigliata+Italiana/@50.273093,30.34231,15z/data=!4m2!3m1!1s0x0:0x60a86b7aa250fd33?sa=X&ei=akJkVOHtA9HuaLe4grAL&ved=0CHIQ_BIwCg"
154,0,Las Vegas September Travel Massive,Las Vegas September Travel Massive,20,,,event12.jpg,2014-09-22T18:00:00+00:00,,1,https://www.eventbrite.com/e/travel-massive-at-opentravel-2014-advisory-forum-tickets-12982427791,Rockhouse Bar & Nightclub,,"https://www.google.com.mx/maps/place/The+Rockhouse/@36.1226902,-115.1701939,16z/data=!3m1!5s0x80c8c43e5fe7780d:0xf87b909145007d86!4m5!1m2!2m1!1sRockhouse+Bar+%26+Nightclub+3355+S+Las+Vegas+Blvd,+Suite+3200+Las+Vegas,+NV+89109!3m1!1s0x80c8c43c0adf776b:0xf749f2a5b250ffe7?hl=en"
155,0,London May Travel Massive,London May Travel Massive,21,,,event12.jpg,2014-05-28T18:00:00+00:00,,1,http://www.meetup.com/TravelMassive/events/181901072/,Mary Janes,,"https://www.google.com/maps/preview?f=q&hl=en&q=124+-+127+Minories,+EC3N+1NT,+London,+gb"
156,0,London June Travel Massive,London June Travel Massive,21,,,event12.jpg,2014-06-25T18:00:00+00:00,,1,http://www.meetup.com/TravelMassive/events/187091632/?a=ea1_grp&rv=ea1&_af_eid=187091632&_af=event,Guanabara,,"https://www.google.com/maps/place/Parker+St/@51.5160081,-0.1212821,17z/data=!3m1!4b1!4m2!3m1!1s0x48761b34c4e9e5d9:0xfb1dbe847eedd640?hl=en"
157,0,London July Travel Massive,London July Travel Massive,21,,,event12.jpg,2014-07-31T18:00:00+00:00,,1,http://www.meetup.com/TravelMassive/events/194312492/?a=ea1_grp&rv=ea1&_af_eid=194312492&_af=event,Wenlock And Essex,,"https://www.google.com/maps/place/26+Essex+Rd,+London+N1+8LN,+UK/@51.5367409,-0.1013067,17z/data=!3m1!4b1!4m2!3m1!1s0x48761b67428cdddf:0x1ba61b87bf75b167?hl=en"
158,0,London September Travel Massive,London September Travel Massive,21,,,event12.jpg,2014-09-10T18:00:00+00:00,,1,http://www.meetup.com/TravelMassive/events/202076932/?a=ea1_grp&rv=ea1&_af_eid=202076932&_af=event,The Imperial Durbar,,"https://www.google.com/maps/place/14+Trinity+Rd,+London+SW17+7RE,+UK/@51.4363268,-0.1604865,17z/data=!3m1!4b1!4m2!3m1!1s0x487605dc28e959dd:0xead6c29ab28b468f?hl=en"
159,0,London November Travel Massive,London November Travel Massive,21,,,event12.jpg,2014-11-03T18:00:00+00:00,,1,http://www.meetup.com/TravelMassive/events/212589642/?a=ea1_grp&rv=ea1&_af_eid=212589642&_af=event,Barrio East,,"https://www.google.com/maps/place/141-143+Shoreditch+High+St,+London+E1+6JE,+UK/@51.52582,-0.078235,17z/data=!3m1!4b1!4m2!3m1!1s0x48761cba76b340a9:0xd3c7506c89f3dcfd?hl=en"
160,0,London December Travel Massive,London December Travel Massive,21,,,event12.jpg,2014-12-18T18:00:00+00:00,,1,http://www.meetup.com/TravelMassive/events/219018860/?a=ea1_grp&rv=ea1&_af_eid=219018860&_af=event,Piccadilly Institute,,"https://www.google.com/maps/place/Piccadilly+Institute/@51.510281,-0.133893,17z/data=!3m1!4b1!4m2!3m1!1s0x487604d3e616b443:0x83afdda6c6a8261d?hl=en"
161,0,Los Angeles April Travel Massive,Los Angeles April Travel Massive,22,,,event12.jpg,2014-04-10T18:00:00+00:00,,1,https://www.eventbrite.com/e/april-2014-travel-massive-tickets-11143052169,JW Marriott Santa Monica Le Merigot,,"https://www.google.com/maps/place/1740+Ocean+Ave/@34.0086248,-118.4925569,17z/data=!3m1!4b1!4m2!3m1!1s0x80c2a4d6819cc927:0x7f2c26687e69a3f6"
162,0,Los Angeles August Travel Massive,Los Angeles August Travel Massive,22,,,event12.jpg,2014-08-14T18:00:00+00:00,,1,https://www.eventbrite.com/e/august-2014-travel-massive-los-angeles-tickets-12453977181,Golden Road Brewing,,"https://www.google.com/maps/search/Golden+Road+Brewing+5430+W+San+Fernando+Rd,+Los+Angeles,+California+90039/@34.1508735,-118.274631,17z/data=!3m1!4b1"
163,0,Los Angeles December Travel Massive,Los Angeles December Travel Massive,22,,,event12.jpg,2014-12-11T18:00:00+00:00,,1,https://www.eventbrite.com/e/december-2014-travel-massive-los-angeles-tickets-14741236435,Pattern Bar,,"https://www.google.com/maps/place/Pattern+Bar/@34.041641,-118.255295,17z/data=!3m1!4b1!4m2!3m1!1s0x80c2c7cb06889aab:0x9794c8d634ee2f57"
164,0,Los Angeles October Travel Massive,Los Angeles October Travel Massive,22,,,event12.jpg,2014-10-09T18:00:00+00:00,,1,https://www.eventbrite.com/e/october-2014-travel-massive-la-hosted-by-singapore-airlines-and-sofitel-la-tickets-13267482397,Sofitel Los Angeles at Beverly Hills,,"https://www.google.com/maps/place/Sofitel+Los+Angeles+at+Beverly+Hills/@34.076196,-118.377534,17z/data=!3m1!4b1!4m2!3m1!1s0x80c2beb2d8ac1d9b:0xd2971ab2c3471cb4"
165,0,Los Angeles September Travel Massive,Los Angeles September Travel Massive,22,,,event12.jpg,2014-09-19T18:00:00+00:00,,1,https://www.eventbrite.com/e/september-2014-travel-massive-los-angeles-tickets-12863080821,Tara's Himalayan Cuisine,,"https://www.google.com/maps/place/Tara's+Himalayan+Cuisine/@34.017029,-118.410565,17z/data=!3m1!4b1!4m2!3m1!1s0x80c2ba374ca8b39b:0x339df28ba971a512"
166,0,Manchester June Travel Massive,Manchester June Travel Massive,23,,,event12.jpg,2014-06-12T18:00:00+00:00,,1,http://www.eventbrite.co.uk/e/june-travel-massive-manchester-the-travel-industry-meetup-tickets-11748093865,BrewDog Manchester,,"https://www.google.com/maps/place/BrewDog+Manchester/@53.478038,-2.247245,17z/data=!3m1!4b1!4m2!3m1!1s0x487bb1c270be93d5:0x712fa39f5231baef"
167,0,Manchester November Travel Massive,Manchester November Travel Massive,23,,,event12.jpg,2014-11-26T18:00:00+00:00,,1,https://www.eventbrite.co.uk/e/travel-massive-manchester-november-the-biggest-travel-industry-meetup-tickets-14160834437,Veeno,,"https://www.google.fr/maps/place/Brazennose+House,+E+Brazennose+St,+Manchester+M2+5BP,+UK/@53.4799344,-2.2469412,17z/data=!3m1!4b1!4m2!3m1!1s0x487bb1c24959ddd5:0xce4f4ec44ebb0cf6?hl=en"
168,0,Manchester September Travel Massive,Manchester September Travel Massive,23,,,event12.jpg,2014-09-04T18:00:00+00:00,,1,https://www.eventbrite.co.uk/e/travel-massive-manchester-september-the-biggest-travel-industry-meetup-tickets-12502179355,Pie & Ale,,"https://www.google.com/maps/place/The+Hive,+Manchester/@53.483171,-2.233174,17z/data=!3m1!4b1!4m2!3m1!1s0x487bb1beb3938f8f:0x49dc3fe46f3357d3"
169,0,Maui December Travel Massive,Maui December Travel Massive,25,,,event12.jpg,2013-12-05T18:00:00+00:00,,1,https://www.facebook.com/events/602003869859950/,Cafe Carmen at The Tech Park,"535 Lipoa Parkway Premic ser Place Suite 100, Kihei, Hawaii 967531","https://maps.google.com/maps?q=Fleetwood's+on+Front+Street+744+Front+St,+Lahaina,+Hawaii+96761&hl=en&sll=37.7577,-122.4376&sspn=0.166117,0.308304&hq=Fleetwood's+on+Front+Street&hnear=744+Front+St,+Lahaina,+Hawaii+96761&t=m&z=16"
170,0,Melbourne May Travel Massive,Melbourne May Travel Massive,26,,,event12.jpg,2014-05-15T18:00:00+00:00,,1,http://www.meetup.com/Melbourne-Travel-Massive/events/181592982/?a=ea1_grp&rv=ea1&_af_eid=181592982&_af=event,Seamstress,,
171,0,Melbourne July Travel Massive,Melbourne July Travel Massive,26,,,event12.jpg,2014-07-08T18:00:00+00:00,,1,http://www.meetup.com/Melbourne-Travel-Massive/events/189922832/?a=ea1_grp&rv=ea1&_af_eid=189922832&_af=event,duNord,,"https://www.google.com/maps/place/367+Little+Bourke+St/@-37.8136013,144.9618806,17z/data=!3m1!4b1!4m2!3m1!1s0x6ad642b539f7f085:0xd297d497779d980e?hl=en"
172,0,Melbourne August Travel Massive,Melbourne August Travel Massive,26,,,event12.jpg,2014-08-19T18:00:00+00:00,,1,http://www.meetup.com/Melbourne-Travel-Massive/events/196547832/?a=ea1_grp&rv=ea1&_af_eid=196547832&_af=event,,,
173,0,Melbourne September Travel Massive,Melbourne September Travel Massive,26,,,event12.jpg,2014-09-30T18:00:00+00:00,,1,http://www.meetup.com/Melbourne-Travel-Massive/events/208133332/?a=ea1_grp&rv=ea1&_af_eid=208133332&_af=event,,,
174,0,Melbourne October Travel Massive,Melbourne October Travel Massive,26,,,event12.jpg,2014-10-21T18:00:00+00:00,,1,http://www.meetup.com/Melbourne-Travel-Massive/events/211863432/?a=ea1_grp&rv=ea1&_af_eid=211863432&_af=event,,,"https://www.google.com/maps/place/62%2F70+Johnston+St,+Fitzroy+VIC+3065,+Australia/@-37.7984,144.976939,17z/data=!3m1!4b1!4m2!3m1!1s0x6ad6432759c722d5:0xd0da06066d0be6c5?hl=en"
175,0,Milan June Travel Massive,Milan June Travel Massive,27,,,event12.jpg,2014-06-11T18:00:00+00:00,,1,http://www.eventbrite.com/e/travel-massive-milan-1-tickets-11617860333,Spazio Blend Tower,,"https://www.google.com/maps/place/Spazio+Blend+Tower/@45.487391,9.202363,17z/data=!3m1!4b1!4m2!3m1!1s0x4786c6d07bed3525:0x6f69e73ec63068a4"
176,0,Milan July Travel Massive,Milan July Travel Massive,27,,,event12.jpg,2014-07-16T18:00:00+00:00,,1,http://us4.campaign-archive1.com/?u=9024fe0f5d1b26f904769792f&id=e0e46d49c6,StartMiUp,,"https://www.google.com/maps/place/StartMiUp/@45.486511,9.193218,17z/data=!3m1!4b1!4m2!3m1!1s0x4786c6d284a223d3:0x3bdf998aa5a92fcc"
177,0,Milan December Travel Massive,Milan December Travel Massive,27,,,event12.jpg,2014-12-04T18:00:00+00:00,,1,http://www.eventbrite.it/e/biglietti-travel-massive-n4-i-trend-di-innovazione-tecnologica-nel-viaggio-e-nel-turismo-14501286739?aff=erelexporg,Space Blend Tower,,"https://www.google.com/maps/place/Spazio+Blend+Tower/@45.487391,9.202363,17z/data=!3m1!4b1!4m2!3m1!1s0x4786c6d07bed3525:0x6f69e73ec63068a4"
178,0,Milan September Travel Massive,Milan September Travel Massive,27,,,event12.jpg,2014-09-26T18:00:00+00:00,,1,https://www.eventbrite.com/e/travel-massive-3-tickets-12148318949,Fiera Bergamo,,"https://www.google.com/maps/place/Ente+Fiera+Promoberg/@45.6840779,9.6974845,14z/data=!4m5!1m2!2m1!1sFiera+Bergamo+Via+Lunga+24125+Bergamo+Italy!3m1!1s0x478150f4df7247cb:0x7ca3ec00a35829a5"
179,0,Montreal July Travel Massive,Montreal July Travel Massive,28,,,event12.jpg,2014-07-22T18:00:00+00:00,,1,https://www.facebook.com/events/1409600625954372/?ref_dashboard_filter=upcoming,Le Reservoir,,"https://maps.google.com/maps?q=9+rue+Duluth+East,+Montreal,+Quebec+H2W+1G7&hl=en&ie=UTF8&sll=37.7577,-122.4376&sspn=0.15526,0.313454&hnear=9+Avenue+Duluth+Est,+Montr%C3%A9al,+Qu%C3%A9bec+H2W+1G6,+Canada&t=m&z=16"
180,0,Montreal May Travel Massive,Montreal May Travel Massive,28,,,event12.jpg,2014-05-17T18:00:00+00:00,,1,https://www.facebook.com/events/1409600625954372/?ref_dashboard_filter=upcoming,Le Reservoir,,"https://maps.google.com/maps?q=9+rue+Duluth+East,+Montreal,+Quebec+H2W+1G7&hl=en&ie=UTF8&sll=37.7577,-122.4376&sspn=0.15526,0.313454&hnear=9+Avenue+Duluth+Est,+Montr%C3%A9al,+Qu%C3%A9bec+H2W+1G6,+Canada&t=m&z=16"
181,0,Montreal October Travel Massive,Montreal October Travel Massive,28,,,event12.jpg,2014-10-28T18:00:00+00:00,,1,https://www.facebook.com/events/499779860134792/,,,"https://www.google.gr/maps/place/4040+Boulevard+Saint-Laurent,+Montr%C3%A9al,+QC+H2W,+Canada/@45.517036,-73.579613,17z/data=!4m2!3m1!1s0x4cc91bcd2b067a55:0x2cfa1c4864f8f417?hl=en"
182,0,Montreal October Travel Massive,Montreal October Travel Massive,28,,,event12.jpg,2014-10-21T18:00:00+00:00,,1,https://www.facebook.com/events/499779860134792/?ref_dashboard_filter=upcoming,Le Reservoir,,"https://www.google.com/maps/search/Hide+Map+Le+Reservoir+9+rue+Duluth+East,+Montreal,+Quebec+H2W+1G7/@45.429746,-73.6203605,11z/data=!3m1!4b1"
183,0,Moscow May Travel Massive,Moscow May Travel Massive,29,,,event12.jpg,2014-05-29T18:00:00+00:00,,1,https://www.facebook.com/events/401879686621653,,,
184,0,Moscow September Travel Massive,Moscow September Travel Massive,29,,,event12.jpg,2014-09-25T18:00:00+00:00,,1,https://www.facebook.com/events/833678639997532,,,
185,0,Munich September Travel Massive,Munich September Travel Massive,30,,,event12.jpg,2014-09-18T18:00:00+00:00,,1,http://www.eventbrite.com/e/munich-travel-massive-tickets-12907273001,Regiondo office (GP 12),,"https://www.google.com/maps/place/Balanstra%C3%9Fe+73,+81541+M%C3%BCnchen,+Germany/@48.1174164,11.6013638,17z/data=!3m1!4b1!4m2!3m1!1s0x479ddf9ba5bc8e4d:0x85dd9da76854ee07"
186,0,New York City April Travel Massive,New York City April Travel Massive,31,,,event12.jpg,2014-04-23T18:00:00+00:00,,1,http://www.meetup.com/New-York-Travel-Massive/events/174698482/?a=ea1_grp&rv=ea1&_af_eid=174698482&_af=event,Novotel New York Times Square,,"https://www.google.com/maps/place/226+W+52nd+St/@40.7626833,-73.9837907,17z/data=!3m1!4b1!4m2!3m1!1s0x89c25857d229d7af:0x28c35909d4d438e8?hl=en"
187,0,New York City June Travel Massive,New York City June Travel Massive,31,,,event12.jpg,2014-06-26T18:00:00+00:00,,1,http://www.meetup.com/New-York-Travel-Massive/events/188037662/?a=ea1_grp&rv=ea1&_af_eid=188037662&_af=event,Renaissance New York Times Square Hotel,,"https://www.google.com/maps/place/714+7th+Ave/@40.759637,-73.9845719,17z/data=!3m1!4b1!4m2!3m1!1s0x89c25855bef9ca91:0xc06f3b6713fc3a26?hl=en"
188,0,New York City August Travel Massive,New York City August Travel Massive,31,,,event12.jpg,2014-08-21T18:00:00+00:00,,1,http://www.meetup.com/New-York-Travel-Massive/events/199512822/?a=ea1_grp&rv=ea1&_af_eid=199512822&_af=event,Circle Line Pier 83,,"https://www.google.com/maps/place/12th+Ave+%26+W+42nd+St,+New+York,+NY+10036/@40.7619826,-74.0010767,17z/data=!3m1!4b1!4m2!3m1!1s0x89c2584bfa80fd57:0x12a83501958e39eb?hl=en"
189,0,New York City September Travel Massive,New York City September Travel Massive,31,,,event12.jpg,2014-09-15T18:00:00+00:00,,1,http://www.meetup.com/New-York-Travel-Massive/events/205010572/?a=ea1_grp&rv=ea1&_af_eid=205010572&_af=event,Circle Line Pier 83,,"https://www.google.com/maps/search/Pier+81,+West+41st+at+the+Hudson+River,+New+York,+NY,+us/@40.7617565,-74.0024115,17z/data=!3m1!4b1?hl=en"
190,0,New York City November Travel Massive,New York City November Travel Massive,31,,,event12.jpg,2014-11-12T18:00:00+00:00,,1,http://www.meetup.com/New-York-Travel-Massive/events/216206292/?a=ea1_grp&rv=ea1&_af_eid=216206292&_af=event,Humphrey's at the Eventi Hotel,,"https://www.google.com/maps/place/839+Avenue+of+the+Americas,+New+York,+NY+10001,+USA/@40.7469057,-73.990113,17z/data=!3m1!4b1!4m2!3m1!1s0x89c259af433c9505:0xffac39296456c5de?hl=en"
191,0,New York City December Travel Massive,New York City December Travel Massive,31,,,event12.jpg,2014-12-01T18:00:00+00:00,,1,http://www.meetup.com/New-York-Travel-Massive/events/218823587/?a=ea1_grp&rv=ea1&_af_eid=218823587&_af=event,Andaz 5th Avenue,,"https://www.google.com/maps/place/485+5th+Ave,+New+York,+NY+10017/@40.7528879,-73.9810327,17z/data=!3m1!4b1!4m2!3m1!1s0x89c259005b5b4847:0xb938f7922f011d53?hl=en"
192,0,Ottawa August Travel Massive,Ottawa August Travel Massive,33,,,event12.jpg,2014-08-14T18:00:00+00:00,,1,http://twtup.com/9zrfu58r3ubem4v,Cartier Place Suite Hotel,180 Cooper Street - Ottawa,"https://www.google.com/maps/place/Cartier+Place+Suite+Hotel/@45.418786,-75.690115,17z/data=!3m1!4b1!4m2!3m1!1s0x4cce05a972255147:0x2fa45bf43be904c8"
193,0,Ottawa July Travel Massive,Ottawa July Travel Massive,33,,,event12.jpg,2014-07-10T18:00:00+00:00,,1,http://twtvite.com/p9sh3cdu2i6lght,Southern Cross Grill (Inside Radisson Hotel),"404 Queen St. - Ottawa, Ontario","https://www.google.com/maps/place/Southern+Cross+Grill+On+Queen/@45.417818,-75.706615,17z/data=!3m1!4b1!4m2!3m1!1s0x4cce04513c2c7a65:0xb829a91a091c6859"
194,0,Ottawa June Travel Massive,Ottawa June Travel Massive,33,,,event12.jpg,2014-06-12T18:00:00+00:00,,1,http://twtvite.com/zbdi4lfi532sxis,Raw Sugar Caf¬Å_,"692 Somerset St W, Ottawa","https://www.google.com/maps/place/Raw+Sugar+Caf%C3%A9/@45.411044,-75.706457,17z/data=!3m1!4b1!4m2!3m1!1s0x4cce044c37fd80b7:0x812701df514cc913"
195,0,Ottawa May Travel Massive,Ottawa May Travel Massive,33,,,event12.jpg,2014-05-08T18:00:00+00:00,,1,http://www.eventbrite.ca/e/marketing-to-the-youth-travel-segment-a-backpacking-focus-tickets-11298242347?aff=eorg,Lieutenant's Pump,,"https://www.google.com/maps/place/361+Elgin+St/@45.4155074,-75.6881866,17z/data=!3m1!4b1!4m2!3m1!1s0x4cce05af407f6b87:0x73c39111f52555cc"
196,0,Ottawa October Travel Massive,Ottawa October Travel Massive,33,,,event12.jpg,2014-10-16T18:00:00+00:00,,1,https://www.eventbrite.com/e/travel-massive-ottawa-october-event-tickets-13566560949,Mugshots Pub - Adjacent to Hostelling International,,"https://www.google.com/maps/place/HI-Ottawa+Jail+Hostel/@45.425116,-75.68845,17z/data=!3m1!4b1!4m2!3m1!1s0x4cce050136b28143:0x80d88b44f81ce976"
197,0,Paris June Travel Massive,Paris June Travel Massive,34,,,event12.jpg,2013-06-18T18:00:00+00:00,,1,http://www.travelmassive.com,Paris City Hall,,
198,0,Paris November Travel Massive,Paris November Travel Massive,34,,,event12.jpg,2014-11-05T18:00:00+00:00,,1,http://www.eventbrite.com/e/travel-massive-paris-tickets-6968279311,Welcome City Lab,,
199,0,Philadelphia July Travel Massive,Philadelphia July Travel Massive,35,,,event12.jpg,2014-07-16T18:00:00+00:00,,1,https://www.eventbrite.com/e/philadelphia-travel-massives-first-meet-up-tickets-11953006765,The Philly Travel Hub,,"https://www.google.com/maps/search/The+Philly+Travel+Hub+229+Arch+St+Philadelphia,+PA+19106/@39.952091,-75.1443572,16z/data=!3m1!4b1"
200,0,Philadelphia September Travel Massive,Philadelphia September Travel Massive,35,,,event12.jpg,2014-09-22T18:00:00+00:00,,1,http://www.eventbrite.com/e/philadelphia-travel-massive-sustainable-tourism-tickets-12805807515,The Philly Travel Hub,,"https://www.google.com/maps/place/229+Arch+St,+Philadelphia,+PA+19106/@39.952091,-75.1443572,17z/data=!3m1!4b1!4m2!3m1!1s0x89c6c8867144f639:0x9180b2b714073425"
201,0,Philadelphia November Travel Massive,Philadelphia November Travel Massive,35,,,event12.jpg,2014-11-18T18:00:00+00:00,,1,https://www.eventbrite.com/e/philadelphia-travel-massive-video-production-for-bloggers-tickets-13679490725,The Philly Travel Hub,,"https://www.google.com/maps/place/229+Arch+St,+Philadelphia,+PA+19106/@39.952091,-75.1443572,17z/data=!3m1!4b1!4m2!3m1!1s0x89c6c8867144f639:0x9180b2b714073425"
202,0,Philadelphia July Travel Massive,Philadelphia July Travel Massive,35,,,event12.jpg,2014-07-16T18:00:00+00:00,,1,https://www.eventbrite.com/e/philadelphia-travel-massives-first-meet-up-tickets-11953006765,The Philly Travel Hub,,"https://www.google.com/maps/search/The+Philly+Travel+Hub+229+Arch+St+Philadelphia,+PA+19106/@39.952091,-75.1443572,16z/data=!3m1!4b1"
203,0,Portland May Travel Massive,Portland May Travel Massive,36,,,event12.jpg,2014-05-21T18:00:00+00:00,,1,http://www.eventbrite.com/e/portland-travel-massive-opening-night-tickets-11263155401?aff=estw,TBD,,
204,0,Portland July Travel Massive,Portland July Travel Massive,36,,,event12.jpg,2014-07-31T18:00:00+00:00,,1,https://www.eventbrite.com/e/portland-travel-massive-goes-to-thailand-plus-tales-of-travel-madness-tickets-11263155401?ref=eweb,Khao San Thai Street Food,,"https://www.google.com/maps/place/1435+NW+Flanders+St,+Portland,+OR+97209/@45.525964,-122.686074,17z/data=!3m1!4b1!4m2!3m1!1s0x549509f88d4433a7:0xd7c7e324a816280c"
205,0,Portland December Travel Massive,Portland December Travel Massive,36,,,event12.jpg,2014-12-16T18:00:00+00:00,,1,https://www.eventbrite.com/e/portland-travel-massive-winter-wonderland-of-whimsical-white-elephants-tickets-14743924475?ref=estw,The Sweet Hereafter,,"https://www.google.com/maps/place/The+Sweet+Hereafter/@45.516311,-122.630336,17z/data=!3m1!4b1!4m2!3m1!1s0x5495a09478f7eb8d:0xd059cbc8760882b0"
206,0,Portland September Travel Massive,Portland September Travel Massive,36,,,event12.jpg,2014-09-30T18:00:00+00:00,,1,https://www.eventbrite.com/e/what-it-takes-to-be-a-travel-professional-tickets-13243085425,The Bye and Bye,,"https://www.google.com.mx/maps/place/Bye+and+Bye/@45.559215,-122.655172,17z/data=!3m1!4b1!4m2!3m1!1s0x5495a71913f83e33:0x59407c50eb6ebb4e?hl=en"
207,0,Prague November Travel Massive,Prague November Travel Massive,37,,,event12.jpg,2014-11-25T18:00:00+00:00,,1,http://travelmassiveprague15.eventbrite.com/,Hoffa Bar,,"https://www.google.fr/maps/place/Hoffa+bar/@50.085577,14.432068,17z/data=!3m1!4b1!4m2!3m1!1s0x470b949490dd70ad:0x8819edf5448362fe?hl=en"
208,0,Prague October Travel Massive,Prague October Travel Massive,37,,,event12.jpg,2014-10-15T18:00:00+00:00,,1,http://www.eventbrite.com/e/travel-massive-prague-tickets-13245719303,LOCA Bar & Restaurant,,"https://www.google.com.mx/maps/place/LOCA+Bar+%26+Restaurant/@50.085216,14.414517,17z/data=!3m1!4b1!4m2!3m1!1s0x470b94ef627fd59d:0x9db6c92c34f1de26?hl=en"
209,0,Prague May Travel Massive,Prague May Travel Massive,37,,,event12.jpg,2014-05-29T18:00:00+00:00,,1,https://www.facebook.com/events/663975140341125,Kolkovna Olympia,,"https://www.google.com/maps/place/Kolkovna+Olympia/@50.081141,14.406629,17z/data=!3m1!4b1!4m2!3m1!1s0x470b94fb6cba91c3:0x69bcad411f3f6125"
210,0,Prague September Travel Massive,Prague September Travel Massive,37,,,event12.jpg,2014-09-17T18:00:00+00:00,,1,https://www.facebook.com/pages/Travel-Massive-Prague/250549038447697?ref=br_tf,Hoffa Bar,,"https://www.google.com/maps/place/Hoffa+bar/@50.085577,14.432068,17z/data=!3m1!4b1!4m2!3m1!1s0x470b949490dd70ad:0x8819edf5448362fe"
211,0,Rio de Janeiro August Travel Massive,Rio de Janeiro August Travel Massive,38,,,event12.jpg,2014-08-26T18:00:00+00:00,,1,https://m.facebook.com/events/1450844128517685,Hostel Contemporaneo,,"https://www.google.com/maps/place/Hostel+Contemporaneo/@-22.948471,-43.185964,17z/data=!3m1!4b1!4m2!3m1!1s0x997fee492a3b79:0xc91060cf7c66fa09"
212,0,Rome July Travel Massive,Rome July Travel Massive,39,,,event12.jpg,2014-07-02T18:00:00+00:00,,1,https://www.eventbrite.it/e/biglietti-travel-massive-in-rome-12003555959,Ristorante la Moderna,,"https://www.google.com/maps/place/Trattoria+Moderna/@41.894681,12.474538,17z/data=!3m1!4b1!4m2!3m1!1s0x132f604f30363373:0x96f6d031e132b0cd"
213,0,Rome September Travel Massive,Rome September Travel Massive,39,,,event12.jpg,2014-09-23T18:00:00+00:00,,1,https://www.eventbrite.it/e/biglietti-travel-massive-roma-23-settembre-12899016305,Restaurant Flaminio 68,,"https://www.google.com/maps/place/Castroni/@41.907373,12.463149,17z/data=!3m1!4b1!4m2!3m1!1s0x132f605e4de4b2bf:0xf5aebb0887274504"
214,0,Saigon July Travel Massive,Saigon July Travel Massive,40,,,event12.jpg,2014-07-31T18:00:00+00:00,,1,http://facebook.com/travelmassivesaigon,Purple Jade Bar,"1st Floor, Intercontinental Asiana Saigon, 39 Le Duan, District 1, Ho Chi Minh City","https://www.google.com/maps/place/InterContinental+Asiana+Saigon/@10.7811189,106.7003006,18z/data=!4m2!3m1!1s0x31752f49cd84c091:0xc2442a238f3c7fd4"
215,0,Saigon March Travel Massive,Saigon March Travel Massive,40,,,event12.jpg,2014-03-20T18:00:00+00:00,,1,http://facebook.com/travelmassivesaigon,Cobalt Bar,"30th Floor, Pullman Saigon Centre, 148 Tran Hung Dao, District 1, Ho Chi Minh City","https://www.google.com/maps/place/Pullman+Saigon+Centre/@10.7665638,106.6921538,17z/data=!4m7!1m4!3m3!1s0x31752f163f33b489:0x46962e56f48bf8d9!2zMTQ4IELDuWkgVmnhu4duLCBwaMaw4budbmcgUGjhuqFtIE5nxakgTMOjbywgUXXhuq1uIDE!3b1!3m1!1s0x0:0xcf03e60b4aa18989"
216,0,Saigon October Travel Massive,Saigon October Travel Massive,40,,,event12.jpg,2014-10-28T18:00:00+00:00,,1,https://www.eventbrite.com/e/the-worlds-largest-and-coolest-travel-networking-event-back-in-saigon-tickets-13812909785,The Long @ Times Square,"The Reverie Saigon, 22 Nguyn Hu, Bn Ngha, Ho Chi Minh, Vietnam","https://www.google.com/maps/place/The+Reverie+Saigon/@10.77351,106.704487,17z/data=!3m1!4b1!4m2!3m1!1s0x31752f46b91ff799:0xb004d0342a95cfa0"
217,0,Saint Petersburg December Travel Massive,Saint Petersburg December Travel Massive,41,,,event12.jpg,2013-12-04T18:00:00+00:00,,1,https://www.facebook.com/events/1418068601760691/?ref_dashboard_filter=calendar,,,
218,0,San Diego May Travel Massive,San Diego May Travel Massive,43,,,event12.jpg,2014-05-07T18:00:00+00:00,,1,http://www.meetup.com/TravelMassiveSD/events/175285512/?a=ea1_grp&rv=ea1&_af_eid=175285512&_af=event,Planet Rooth Design Haus,,"https://www.google.com/maps/place/3334+5th+Ave/@32.7402755,-117.1605413,17z/data=!3m1!4b1!4m2!3m1!1s0x80d954c61269a911:0xc628f335765f514c?hl=en"
219,0,San Diego June Travel Massive,San Diego June Travel Massive,43,,,event12.jpg,2014-06-18T18:00:00+00:00,,1,http://www.meetup.com/TravelMassiveSD/events/188139232/?a=ea1_grp&rv=ea1&_af_eid=188139232&_af=event,Common Theory Public House,,"https://www.google.com/maps/preview?f=q&hl=en&q=4805+Convoy+St,+San+Diego,+CA,+us"
220,0,San Diego August Travel Massive,San Diego August Travel Massive,43,,,event12.jpg,2014-08-13T18:00:00+00:00,,1,http://www.meetup.com/TravelMassiveSD/events/191428902/?a=ea1_grp&rv=ea1&_af_eid=191428902&_af=event,"Grape St. Pier, Downtown",,"https://www.google.com/maps/place/1800+N+Harbor+Dr/@32.7236086,-117.1734819,17z/data=!3m1!4b1!4m2!3m1!1s0x80d954b2b5760c3f:0x1c0dc971111a0bc4?hl=en"
221,0,San Diego September Travel Massive,San Diego September Travel Massive,43,,,event12.jpg,2014-09-11T18:00:00+00:00,,1,http://www.meetup.com/TravelMassiveSD/events/200548962/?a=ea1_grp&rv=ea1&_af_eid=200548962&_af=event,Horton Grand Hotel at Fourth and Island Avenues,,"https://www.google.com/maps/preview?f=q&hl=en&q=311+Island+Avenue+,+San+Diego,+CA,+92101,+us"
222,0,San Diego January Travel Massive,San Diego January Travel Massive,43,,,event12.jpg,2014-01-12T18:00:00+00:00,,1,https://www.eventbrite.com/e/travel-massive-san-diego-african-tourism-in-zambia-and-malawi-tickets-14756895271,Cape Town,,"https://www.google.com/maps/place/Cape+Town/@32.884565,-117.152543,17z/data=!3m1!4b1!4m2!3m1!1s0x80dbf8b5423065d5:0x588f01d61800651f"
223,0,San Francisco September Travel Massive,San Francisco September Travel Massive,44,,,event12.jpg,2014-09-25T18:00:00+00:00,,1,https://www.eventbrite.com/e/world-tourism-day-special-event-tickets-13073117045,Impact Hub San Francisco,,"https://www.google.com.mx/maps/place/Impact+Hub+Bay+Area/@37.782092,-122.406708,17z/data=!3m1!4b1!4m2!3m1!1s0x808f7fba39f659c7:0x2f0d3629e5479ecf?hl=en"
224,0,San Francisco August Travel Massive,San Francisco August Travel Massive,44,,,event12.jpg,2014-08-13T18:00:00+00:00,,1,http://www.eventbrite.com/e/august-travel-massive-sponsored-by-eatwith-tickets-12298237359,EatWith Offices," 188 King St, San Francisco","https://www.google.com/maps/place/188+King+St,+San+Francisco,+CA+94107/@37.7785779,-122.3917532,17z/data=!3m1!4b1!4m2!3m1!1s0x808f7fd7a3d4d009:0x47a5accbcf6cca3"
225,0,San Francisco June Travel Massive,San Francisco June Travel Massive,44,,,event12.jpg,2014-06-03T18:00:00+00:00,,1,http://www.eventbrite.com/e/june-travel-massive-speakers-series-tickets-11594402169,Wilson Sonsini Goodrich & Rosati Law Offices,,"https://www.google.com/maps/place/Wilson+Sonsini+Goodrich+%26+Rosati/@37.779746,-122.391374,17z/data=!3m1!4b1!4m2!3m1!1s0x808f7fd7ea239481:0x7dc8ca5206ccd49b"
226,0,San Francisco December Travel Massive,San Francisco December Travel Massive,44,,,event12.jpg,2014-12-02T18:00:00+00:00,,1,http://www.eventbrite.com/e/travel-massive-december-tickets-14161355997,Monarch,,"https://www.google.com/maps/place/101+6th+St,+San+Francisco,+CA+94103/@37.7809743,-122.4084128,17z/data=!3m1!4b1!4m2!3m1!1s0x80858084125f1fa7:0xb605f68a4ae83a30"
227,0,San Francisco July Travel Massive,San Francisco July Travel Massive,44,,,event12.jpg,2014-07-01T18:00:00+00:00,,1,https://www.eventbrite.com/e/july-sfba-travel-massive-tickets-11926246725?ref=enivtefor001&invite=NjA3MDg3NS9jb3Jpbm5lQHZpc2l0b2FrbGFuZC5vcmcvMA%3D%3D&utm_source=eb_email&utm_medium=email&utm_campaign=inviteformalv2&utm_term=attend&ref=enivtefor001,Make Westing,,"https://www.google.com/maps/place/Make+Westing/@37.807502,-122.270325,17z/data=!3m1!4b1!4m2!3m1!1s0x808f80b21a6627e1:0xa4056347481705ca"
228,0,San Francisco October Travel Massive,San Francisco October Travel Massive,44,,,event12.jpg,2014-10-07T18:00:00+00:00,,1,https://www.eventbrite.com/e/october-travel-massive-with-singapore-airlines-tickets-13266826435,Monroe,,"https://www.google.com/maps/place/Monroe/@37.797863,-122.404922,17z/data=!3m1!4b1!4m2!3m1!1s0x808580f457e4813b:0x2d9a643441109075"
229,0,San Francisco November Travel Massive,San Francisco November Travel Massive,44,,,event12.jpg,2014-11-04T18:00:00+00:00,,1,https://www.eventbrite.com/e/travel-massive-oakland-experience-tickets-13717899607,Era Art Bar & Lounge,,"https://www.google.com/maps/place/Era+Art+Bar+%26+Lounge/@37.811318,-122.26631,17z/data=!3m1!4b1!4m2!3m1!1s0x808f80ad239fe591:0xe26830d1f198a4e8"
230,0,San Francisco September Travel Massive,San Francisco September Travel Massive,44,,,event12.jpg,2014-09-09T18:00:00+00:00,,1,https://www.eventbrite.com/e/travel-massive-with-go-overseas-tickets-12668348371?ref=enivtefor001&invite=NjUyMDQwNS9lcmlrYS5oZWxzdHJvbUBnbWFpbC5jb20vMA%3D%3D&utm_source=eb_email&utm_medium=email&utm_campaign=inviteformalv2&utm_term=attend&ref=enivtefor001,Go Overseas Offices,,"https://www.google.com/maps/place/Berkeley+Skydeck/@37.869994,-122.268546,17z/data=!3m1!4b1!4m2!3m1!1s0x80857e9c3255d2f5:0x80750bac5ec71ec6"
231,0,Santiago October Travel Massive,Santiago October Travel Massive,45,,,event12.jpg,2014-10-24T18:00:00+00:00,,1,https://www.eventbrite.es/e/entradas-travel-massive-la-casona-hostel-13607756165,La Casona Hostel,,"https://www.google.gr/maps/place/La+Casona+Hostel/@-33.436972,-70.644934,17z/data=!3m1!4b1!4m2!3m1!1s0x9662c598870beae3:0x48615490601c632e?hl=en"
232,0,Santiago November Travel Massive,Santiago November Travel Massive,45,,,event12.jpg,2014-11-25T18:00:00+00:00,,1,https://www.eventbrite.es/e/entradas-travel-massive-culto-bar-14263942837,Culto Bar,,"https://www.google.com/maps/place/Estados+Unidos+246,+Santiago,+Regi%C3%B3n+Metropolitana,+Chile/@-33.4380339,-70.6391074,17z/data=!3m1!4b1!4m2!3m1!1s0x9662c59bfb4960b5:0xff45ca865b04c94e"
233,0,Seattle June Travel Massive,Seattle June Travel Massive,47,,,event12.jpg,2014-06-05T18:00:00+00:00,,1,http://www.meetup.com/Seattle-Travel-Massive/events/180539942/?a=ea1_grp&rv=ea1&_af_eid=180539942&_af=event,Brave Horse Tavern,,"https://www.google.com/maps/preview?f=q&hl=en&q=310+Terry+Avenue+North,+Seattle,+WA,+98109,+us"
234,0,Seattle July Travel Massive,Seattle July Travel Massive,47,,,event12.jpg,2014-07-29T18:00:00+00:00,,1,http://www.meetup.com/Seattle-Travel-Massive/events/189626682/?a=ea1_grp&rv=ea1&_af_eid=189626682&_af=event,ExOfficio Offices,,"https://www.google.com/maps/preview?f=q&hl=en&q=4202+6th+Ave+S+Seattle,+Seattle,+WA,+us"
235,0,Seattle October Travel Massive,Seattle October Travel Massive,47,,,event12.jpg,2014-10-14T18:00:00+00:00,,1,http://www.meetup.com/Seattle-Travel-Massive/events/209619352/,Bell + Whete,,"https://www.google.com/maps/place/200+Bell+St,+Seattle,+WA+98121/@47.6140481,-122.3456456,17z/data=!3m1!4b1!4m2!3m1!1s0x5490154c36aab001:0xd7224ff0a258ce3e?hl=en"
236,0,Stockholm January Travel Massive,Stockholm January Travel Massive,48,,,event12.jpg,2015-01-22T18:00:00+00:00,,1,http://www.eventbrite.com/e/stockholm-travel-massive-jan-22-2015-tickets-8872316337,Vingresor,,"https://www.google.com/maps/place/Vingresor/@59.333347,18.065564,17z/data=!3m1!4b1!4m2!3m1!1s0x465f9d5dd07d5489:0x6a6f9bb9220d5e7a"
237,0,Stockholm August Travel Massive,Stockholm August Travel Massive,48,,,event12.jpg,2014-08-29T18:00:00+00:00,,1,https://www.eventbrite.com/e/stockholm-travel-massive-aug-29-2014-tickets-12507794149,"HTL Hotel Kungsgatan, Stockholm",,"https://www.google.com/maps/place/HTL+Hotels+Kungsgatan/@59.33434,18.059085,17z/data=!3m1!4b1!4m2!3m1!1s0x465f9d66edbce717:0xe79f51ba4aca22e4"
238,0,Stockholm November Travel Massive,Stockholm November Travel Massive,48,,,event12.jpg,2013-11-09T18:00:00+00:00,,1,https://www.facebook.com/events/1415758245319316/,Meeting Point by the steps of Stockholm Concert Hall,,
239,0,Switzerland February Travel Massive,Switzerland February Travel Massive,49,,,event12.jpg,2014-02-13T18:00:00+00:00,,1,http://www.eventbrite.com/e/travel-massive-switzerland-1-registration-9129742305,TBD,,
240,0,Switzerland June Travel Massive,Switzerland June Travel Massive,49,,,event12.jpg,2014-06-27T18:00:00+00:00,,1,http://www.eventbrite.com/e/travel-massive-switzerland-2-tickets-11816588735,Rue Centrale 23,,"https://www.google.com/maps/place/Rue+Centrale+23/@46.5210717,6.6348867,17z/data=!3m1!4b1!4m2!3m1!1s0x478c2e33ef22757d:0x4b8f932d73c82043"
241,0,Sydney September Travel Massive,Sydney September Travel Massive,50,,,event12.jpg,2014-09-25T18:00:00+00:00,,1,https://www.eventbrite.com.au/e/travel-massive-talks-ethical-travel-tickets-13151696077,The Travel Cafe by Whitestar Travel,,"https://www.google.com.mx/maps/place/The+Travel+Cafe+by+Whitestar+Travel/@-33.888264,151.270969,17z/data=!3m1!4b1!4m2!3m1!1s0x6b12ad99987e2e83:0x816d494a9ef55258?hl=en"
242,0,Sydney October Travel Massive,Sydney October Travel Massive,50,,,event12.jpg,2014-10-23T18:00:00+00:00,,1,http://www.eventbrite.com.au/e/sydney-travel-massive-travel-tech-kickoff-tickets-13664050543,The Winery,,"https://www.google.com/maps/place/The+Winery/@-33.881524,151.214484,17z/data=!3m1!4b1!4m2!3m1!1s0x6b12ae19c0433e9f:0xb9d6b1fcbb46c168"
243,0,Sydney May Travel Massive,Sydney May Travel Massive,50,,,event12.jpg,2014-05-19T18:00:00+00:00,,1,http://www.meetup.com/Sydney-Travel-Massive/events/180552342/?a=ea1_grp&rv=ea1&_af_eid=180552342&_af=event,Bar 100,,"https://www.google.com/maps/place/100+George+St/@-33.858218,151.209388,17z/data=!3m1!4b1!4m2!3m1!1s0x6b12ae5d4e6fd0f5:0x840016333d633a5e?hl=en"
244,0,Sydney July Travel Massive,Sydney July Travel Massive,50,,,event12.jpg,2014-07-18T18:00:00+00:00,,1,http://www.meetup.com/Sydney-Travel-Massive/events/193424692/?a=ea1_grp&rv=ea1&_af_eid=193424692&_af=event,Sydney's Royal Hall of Industries,,"https://www.google.com/maps/place/Moore+Park+NSW+2021/@-33.8949919,151.2220224,15z/data=!3m1!4b1!4m2!3m1!1s0x6b12b1fd2a911bc5:0x5017d681632c1b0?hl=en"
245,0,Sydney September Travel Massive,Sydney September Travel Massive,50,,,event12.jpg,2014-09-02T18:00:00+00:00,,1,http://www.meetup.com/Sydney-Travel-Massive/events/200999652/?a=ea1_grp&rv=ea1&_af_eid=200999652&_af=event,Hilton Sydney,,"https://www.google.com/maps/place/488+George+St,+Sydney+NSW+2000,+Australia/@-33.8742556,151.20684,17z/data=!3m1!4b1!4m2!3m1!1s0x6b12ae3c482ed38f:0xeae87d8543bef98a?hl=en"
246,0,Sydney November Travel Massive,Sydney November Travel Massive,50,,,event12.jpg,2014-11-14T18:00:00+00:00,,1,http://www.meetup.com/Sydney-Travel-Massive/events/210547622/?a=ea1_grp&rv=ea1&_af_eid=210547622&_af=event,Princess Wharf,,"https://www.google.com/maps/place/Hobart+TAS,+Australia/@-42.8823911,147.328591,15z/data=!3m1!4b1!4m2!3m1!1s0xaa6e7584e52ccfed:0x503c94dd0de1530?hl=en"
247,0,Sao Paulo June Travel Massive,Sao Paulo June Travel Massive,46,,,event12.jpg,2014-06-26T18:00:00+00:00,,1,http://www.eventbrite.com/e/travel-massive-sao-paulo-tickets-12070787049,Cervejaria Nacional,,"https://www.google.com/maps/place/Cervejaria+Nacional/@-23.564734,-46.690623,17z/data=!3m1!4b1!4m2!3m1!1s0x94ce57a1cd6368d9:0xb15a5cce54013e83"
248,0,Sao Paulo August Travel Massive,Sao Paulo August Travel Massive,46,,,event12.jpg,2014-08-31T18:00:00+00:00,,1,https://www.facebook.com/events/284490161739551/?ref_newsfeed_story_type=regular,Que Tal Hostel e Arte,,"https://www.google.com/maps/place/R.+Vergueiro,+3393+-+Vila+Mariana,+S%C3%A3o+Paulo+-+SP,+04101-300,+Brazil/@-23.5898675,-46.6314625,17z/data=!3m1!4b1!4m2!3m1!1s0x94ce5bd4a904acfb:0xe0d714e7df34f711"
249,0,Sao Paulo September Travel Massive,Sao Paulo September Travel Massive,46,,,event12.jpg,2014-09-24T18:00:00+00:00,,1,https://www.facebook.com/events/1615533058673686/,ARENA Bar & Restaurante,,"https://www.google.com.mx/maps/place/Arena+Bar+%26+Restaurante/@-23.587423,-46.644604,17z/data=!3m1!4b1!4m2!3m1!1s0x94ce59890806ad41:0x5478df6c83eb5036?hl=en"
250,0,Sao Paulo September Travel Massive,Sao Paulo September Travel Massive,46,,,event12.jpg,2014-09-24T18:00:00+00:00,,1,https://www.facebook.com/events/1615533058673686/?ref_newsfeed_story_type=regular,ARENA Bar & Restaurante,,"https://www.google.com.mx/maps/place/Arena+Bar+%26+Restaurante/@-23.587423,-46.644604,17z/data=!3m1!4b1!4m2!3m1!1s0x94ce59890806ad41:0x5478df6c83eb5036?hl=en"
251,0,Toronto June Travel Massive,Toronto June Travel Massive,53,,,event12.jpg,2014-06-17T18:00:00+00:00,,1,http://twtvite.com/TTMJune2014,The Drake Hotel,"1150 Queen Street West - Toronto, Ontario M6J 1J3","https://www.google.com/maps/place/The+Drake+Hotel/@43.643254,-79.424615,17z/data=!3m1!4b1!4m2!3m1!1s0x882b35001adabff1:0x4bd4cc8717937dde"
252,0,Toronto September Travel Massive,Toronto September Travel Massive,53,,,event12.jpg,2014-09-24T18:00:00+00:00,,1,http://twtvite.com/TTMPanama,Jazz Bistro,,"https://www.google.com.mx/maps/place/Jazz+Bistro/@43.655913,-79.379082,17z/data=!3m1!4b1!4m2!3m1!1s0x89d4cb34d9504fe5:0xe0ad345893c2a38c?hl=en"
253,0,Toronto July Travel Massive,Toronto July Travel Massive,53,,,event12.jpg,2014-07-24T18:00:00+00:00,,1,http://twtvite.com/TTMPureMichigan,The Drake Hotel,"1150 Queen Street West - Toronto, Ontario M6J 1J3","https://www.google.com/maps/place/The+Drake+Hotel/@43.643254,-79.424615,17z/data=!3m1!4b1!4m2!3m1!1s0x882b35001adabff1:0x4bd4cc8717937dde"
254,0,Toronto May Travel Massive,Toronto May Travel Massive,53,,,event12.jpg,2014-05-29T18:00:00+00:00,,1,http://twtvite.com/TTMmay2014,Tequila Bookworm,"512 Queen St West @ Bathurst - Toronto, ON M5V 2B3","https://www.google.com/maps/place/Tequila+Bookworm/@43.647778,-79.401553,17z/data=!3m1!4b1!4m2!3m1!1s0x882b34dd96679aed:0xa74ecea81ebb7189"
255,0,Toronto October Travel Massive,Toronto October Travel Massive,53,,,event12.jpg,2014-10-28T18:00:00+00:00,,1,http://vite.io/travelmassive,42 Supperclub,,"https://www.google.com/maps/place/Vogue+Supperclub/@43.636905,-79.425389,17z/data=!3m1!4b1!4m2!3m1!1s0x882b35a9d603cb15:0xd11d31774e57f5a3"
256,0,Toronto December Travel Massive,Toronto December Travel Massive,53,,,event12.jpg,2014-12-04T18:00:00+00:00,,1,http://vite.io/travelmassive,Delta Toronto,,"https://www.google.fr/maps/place/Delta+Toronto/@43.642552,-79.383858,17z/data=!3m1!4b1!4m2!3m1!1s0x882b34d451e18ab9:0xa7598cf03d3e2c51?hl=en"
257,0,Vancouver June Travel Massive,Vancouver June Travel Massive,54,,,event12.jpg,2014-06-19T18:00:00+00:00,,1,http://www.meetup.com/Vancouver-Travel-Network/events/186457862/?a=ea1_grp&rv=ea1&_af_eid=186457862&_af=event,The Granville Room,,"https://www.google.com/maps/place/957+Granville+St/@49.2104281,-123.1404784,17z/data=!3m1!4b1!4m2!3m1!1s0x548674949f550605:0xb6310bee56dc5b5f?hl=en"
258,0,Vancouver September Travel Massive,Vancouver September Travel Massive,54,,,event12.jpg,2014-09-18T18:00:00+00:00,,1,http://www.meetup.com/Vancouver-Travel-Network/events/205227052/,Cinema Public House,,"https://www.google.com/maps/preview?f=q&hl=en&q=901+Granville+Street,+Vancouver,+BC,+ca"
259,0,Vancouver November Travel Massive,Vancouver November Travel Massive,54,,,event12.jpg,2014-11-20T18:00:00+00:00,,1,http://www.meetup.com/Vancouver-Travel-Network/events/218677670/?a=ea1_grp&rv=ea1&_af_eid=218677670&_af=event,Killjoy Barbers Cocktail Club,,"https://www.google.com/maps?f=q&hl=en&q=1120+Hamilton+Street,+Vancouver,+BC,+ca"
260,0,Washington D.C. August Travel Massive,Washington D.C. August Travel Massive,64,,,event12.jpg,2014-08-07T18:00:00+00:00,,1,https://www.eventbrite.com/e/travel-massive-dc-august-meet-up-tickets-12447154775,The Embassy Row Hotel,,"https://www.google.com/maps/place/The+Embassy+Row+Hotel/@38.910699,-77.045833,17z/data=!3m1!4b1!4m2!3m1!1s0x89b7b7c891ca4061:0x7cb779a13f3936f6"
261,0,Washington D.C. May Travel Massive,Washington D.C. May Travel Massive,64,,,event12.jpg,2014-05-14T18:00:00+00:00,,1,https://www.eventbrite.com/e/travel-massive-dc-may-meet-up-tickets-11555337325,Board Room,,"https://www.google.com/maps/place/Board+Room/@38.913398,-77.045382,17z/data=!3m1!4b1!4m2!3m1!1s0x89b7b7cf5bf3a89b:0xe4cf5fbcb0db5b9c"
262,0,Washington D.C. December Travel Massive,Washington D.C. December Travel Massive,64,,,event12.jpg,2014-12-08T18:00:00+00:00,,1,https://www.eventbrite.com/e/travel-massive-dc-winter-networking-event-tickets-14754905319,Poste,,"https://www.google.com/maps/@37.7595849,-122.485004,14z"
263,0,San Diego January Travel Massive,San Diego January Travel Massive,43,,,event12.jpg,2015-01-12T19:00:00+00:00,,1,https://www.eventbrite.com/e/travel-massive-san-diego-african-tourism-in-zambia-and-malawi-tickets-14756895271,Cape Town,7580 Miramar Rd ,"https://www.google.com/maps/place/Cape+Town/@32.884565,-117.152543,17z/data=!3m1!4b1!4m2!3m1!1s0x80dbf8b5423065d5:0x588f01d61800651f"
264,0,Budapest January Travel Massive,Budapest January Travel Massive,58,,,event12.jpg,2015-01-22T18:00:00+00:00,,1,https://www.facebook.com/events/401508816674055/,"Liebling
Budapest","San Diego, CA 92126","https://www.google.com/maps/place/Ak%C3%A1cfa+u.+51,+Budapest,+1073+Hungary/@47.500452,19.0651649,17z/data=!3m1!4b1!4m2!3m1!1s0x4741dc68c1b7fcbb:0x8f0dde5a588e327a"
265,0,New York January Travel Massive,New York January Travel Massive,31,,,event12.jpg,2015-01-26T18:00:00+00:00,,1,http://www.meetup.com/New-York-Travel-Massive/events/219300838/?a=ea1_grp&rv=ea1&_af_eid=219300838&_af=event,Hyatt Times Square New York,"135 W 45th St, New York, NY","https://www.google.com/maps?f=q&hl=en&q=135+W+45th+St,+New+York,+NY,+US"
