id,name,pass,mail,first,last,about,avatar,banner,role,status,url,q1,q2,q3,q4,q5,tw_link,fb_link,li_link,web_link,city,country,job,org,home_chapter
2,ian,massive,ian@travelmassive.com,Ian,Cumming,"Hi I'm the global founder of Travel Massive. I'm on a mission to make travel better. Get in touch with me!",ian.jpg,ian_banner.jpg,6,1,ian,Tasmania,Brazil,,,,https://twitter.com/travelmassive,http://www.facebook.com/ian.cumming,,http://travel.vc,Sydney,AU,Founder,Travel Massive,19
3,leighshulman,massive,testing+leighshulman@travelmassive.com,Leigh,Shulman,"Lorem ipsum dolor sit amet, consectetur adipiscing elit. Ut tellus ante, consequat quis massa id, consequat gravida mi. Cras ultricies semper orci. Etiam sit amet ipsum et est venenatis consequat id nec est. Proin vel facilisis ante. Pellentesque maximus tellus velit, in facilisis nisl sagittis ut. Nam et nisl iaculis, vehicula risus et, feugiat ipsum. Morbi porttitor eros sed aliquet varius. Nulla diam nibh, accumsan eu massa nec, ultrices gravida diam. Vivamus id massa ut ex gravida blandit vitae tempor augue.",leighshulman.jpg,banner1.jpg,6,1,leighshulman,,,,,,,http://facebook.com/leighshulman,,http://thefutureisred.com,Argentina,AR,,The Future Is Red Writing and Travel Blog,1
4,alexiakotsi,massive,testing+alexiakotsi@travelmassive.com,Alexia,Kotsi,"Lorem ipsum dolor sit amet, consectetur adipiscing elit. Ut tellus ante, consequat quis massa id, consequat gravida mi. Cras ultricies semper orci. Etiam sit amet ipsum et est venenatis consequat id nec est. Proin vel facilisis ante. Pellentesque maximus tellus velit, in facilisis nisl sagittis ut. Nam et nisl iaculis, vehicula risus et, feugiat ipsum. Morbi porttitor eros sed aliquet varius. Nulla diam nibh, accumsan eu massa nec, ultrices gravida diam. Vivamus id massa ut ex gravida blandit vitae tempor augue.",alexiakotsi.jpg,banner2.jpg,6,1,alexiakotsi,,,,,,,,http://www.linkedin.com/pub/alexia-kotsi/15/86a/5a4,http://www.tripsta.net/,Athens,GR,,Travelplanet24,2
5,alextrimis,massive,testing+alextrimis@travelmassive.com,Alex,Trimis,"Lorem ipsum dolor sit amet, consectetur adipiscing elit. Ut tellus ante, consequat quis massa id, consequat gravida mi. Cras ultricies semper orci. Etiam sit amet ipsum et est venenatis consequat id nec est. Proin vel facilisis ante. Pellentesque maximus tellus velit, in facilisis nisl sagittis ut. Nam et nisl iaculis, vehicula risus et, feugiat ipsum. Morbi porttitor eros sed aliquet varius. Nulla diam nibh, accumsan eu massa nec, ultrices gravida diam. Vivamus id massa ut ex gravida blandit vitae tempor augue.",alextrimis.jpg,banner3.jpg,6,1,alextrimis,,,,,,,,http://www.linkedin.com/in/alexandrostrimis,http://www.dopios.com/,Athens,GR,,Dopios,3
6,mariakritsiligkou,massive,testing+mariakritsiligkou@travelmassive.com,Maria,Kritsiligkou,"Lorem ipsum dolor sit amet, consectetur adipiscing elit. Ut tellus ante, consequat quis massa id, consequat gravida mi. Cras ultricies semper orci. Etiam sit amet ipsum et est venenatis consequat id nec est. Proin vel facilisis ante. Pellentesque maximus tellus velit, in facilisis nisl sagittis ut. Nam et nisl iaculis, vehicula risus et, feugiat ipsum. Morbi porttitor eros sed aliquet varius. Nulla diam nibh, accumsan eu massa nec, ultrices gravida diam. Vivamus id massa ut ex gravida blandit vitae tempor augue.",,banner4.jpg,6,1,mariakritsiligkou,,,,,,https://twitter.com/dopios,,,http://www.dopios.com/,Athens,GR,,Dopios,4
7,carolineeubanks,massive,testing+carolineeubanks@travelmassive.com,Caroline,Eubanks,"Lorem ipsum dolor sit amet, consectetur adipiscing elit. Ut tellus ante, consequat quis massa id, consequat gravida mi. Cras ultricies semper orci. Etiam sit amet ipsum et est venenatis consequat id nec est. Proin vel facilisis ante. Pellentesque maximus tellus velit, in facilisis nisl sagittis ut. Nam et nisl iaculis, vehicula risus et, feugiat ipsum. Morbi porttitor eros sed aliquet varius. Nulla diam nibh, accumsan eu massa nec, ultrices gravida diam. Vivamus id massa ut ex gravida blandit vitae tempor augue.",,banner5.jpg,6,1,carolineeubanks,,,,,,https://twitter.com/cairinthecity,,,http://www.carolineinthecityblog.com/,Atlanta,US,,Caroline in the City,5
8,bretlove,massive,testing+bretlove@travelmassive.com,Bret,Love,"Lorem ipsum dolor sit amet, consectetur adipiscing elit. Ut tellus ante, consequat quis massa id, consequat gravida mi. Cras ultricies semper orci. Etiam sit amet ipsum et est venenatis consequat id nec est. Proin vel facilisis ante. Pellentesque maximus tellus velit, in facilisis nisl sagittis ut. Nam et nisl iaculis, vehicula risus et, feugiat ipsum. Morbi porttitor eros sed aliquet varius. Nulla diam nibh, accumsan eu massa nec, ultrices gravida diam. Vivamus id massa ut ex gravida blandit vitae tempor augue.",,banner6.jpg,6,1,bretlove,,,,,,https://twitter.com/greenglobaltrvl,,,http://greenglobaltravel.com/,Atlanta,US,,Green Global Travel,6
9,stephenoddo,massive,testing+stephenoddo@travelmassive.com,Stephen,Oddo,"Lorem ipsum dolor sit amet, consectetur adipiscing elit. Ut tellus ante, consequat quis massa id, consequat gravida mi. Cras ultricies semper orci. Etiam sit amet ipsum et est venenatis consequat id nec est. Proin vel facilisis ante. Pellentesque maximus tellus velit, in facilisis nisl sagittis ut. Nam et nisl iaculis, vehicula risus et, feugiat ipsum. Morbi porttitor eros sed aliquet varius. Nulla diam nibh, accumsan eu massa nec, ultrices gravida diam. Vivamus id massa ut ex gravida blandit vitae tempor augue.",,banner7.jpg,6,1,stephenoddo,,,,,,https://twitter.com/StephenOddo,,,http://www.walksofitaly.com/,Austin,US,,Walks of Italy,7
10,simonphilipp,massive,testing+simonphilipp@travelmassive.com,Simon,Philipp,"Lorem ipsum dolor sit amet, consectetur adipiscing elit. Ut tellus ante, consequat quis massa id, consequat gravida mi. Cras ultricies semper orci. Etiam sit amet ipsum et est venenatis consequat id nec est. Proin vel facilisis ante. Pellentesque maximus tellus velit, in facilisis nisl sagittis ut. Nam et nisl iaculis, vehicula risus et, feugiat ipsum. Morbi porttitor eros sed aliquet varius. Nulla diam nibh, accumsan eu massa nec, ultrices gravida diam. Vivamus id massa ut ex gravida blandit vitae tempor augue.",,banner8.jpg,6,1,simonphilipp,,,,,,https://twitter.com/expique,,,http://www.expique.com,Bangkok,TH,,Expique,8
11,anulagalewska,massive,testing+anulagalewska@travelmassive.com,Anula,Galewska,"Lorem ipsum dolor sit amet, consectetur adipiscing elit. Ut tellus ante, consequat quis massa id, consequat gravida mi. Cras ultricies semper orci. Etiam sit amet ipsum et est venenatis consequat id nec est. Proin vel facilisis ante. Pellentesque maximus tellus velit, in facilisis nisl sagittis ut. Nam et nisl iaculis, vehicula risus et, feugiat ipsum. Morbi porttitor eros sed aliquet varius. Nulla diam nibh, accumsan eu massa nec, ultrices gravida diam. Vivamus id massa ut ex gravida blandit vitae tempor augue.",anulagalewska.jpg,banner9.jpg,6,1,anulagalewska,,,,,,,,http://www.linkedin.com/in/anulagalewska,http://www.ceegreener.com/,Berlin,DE,,CEE Greener,9
12,adamgroffman,massive,testing+adamgroffman@travelmassive.com,Adam,Groffman,"Lorem ipsum dolor sit amet, consectetur adipiscing elit. Ut tellus ante, consequat quis massa id, consequat gravida mi. Cras ultricies semper orci. Etiam sit amet ipsum et est venenatis consequat id nec est. Proin vel facilisis ante. Pellentesque maximus tellus velit, in facilisis nisl sagittis ut. Nam et nisl iaculis, vehicula risus et, feugiat ipsum. Morbi porttitor eros sed aliquet varius. Nulla diam nibh, accumsan eu massa nec, ultrices gravida diam. Vivamus id massa ut ex gravida blandit vitae tempor augue.",,banner10.jpg,6,1,adamgroffman,,,,,,https://twitter.com/travelsofadam,,,http://travelsofadam.com/,Berlin,DE,,Travels of Adam,10
13,eduardoperez,massive,testing+eduardoperez@travelmassive.com,Eduardo,Perez,"Lorem ipsum dolor sit amet, consectetur adipiscing elit. Ut tellus ante, consequat quis massa id, consequat gravida mi. Cras ultricies semper orci. Etiam sit amet ipsum et est venenatis consequat id nec est. Proin vel facilisis ante. Pellentesque maximus tellus velit, in facilisis nisl sagittis ut. Nam et nisl iaculis, vehicula risus et, feugiat ipsum. Morbi porttitor eros sed aliquet varius. Nulla diam nibh, accumsan eu massa nec, ultrices gravida diam. Vivamus id massa ut ex gravida blandit vitae tempor augue.",,banner11.jpg,6,1,eduardoperez,,,,,,https://twitter.com/hombrelobo,,,http://hombrelobo.com/,Bilbao,ES,,hombrelobo.com,11
14,maribelnavascu_s,massive,testing+maribelnavascu_s@travelmassive.com,Maribel,Navascu_s,"Lorem ipsum dolor sit amet, consectetur adipiscing elit. Ut tellus ante, consequat quis massa id, consequat gravida mi. Cras ultricies semper orci. Etiam sit amet ipsum et est venenatis consequat id nec est. Proin vel facilisis ante. Pellentesque maximus tellus velit, in facilisis nisl sagittis ut. Nam et nisl iaculis, vehicula risus et, feugiat ipsum. Morbi porttitor eros sed aliquet varius. Nulla diam nibh, accumsan eu massa nec, ultrices gravida diam. Vivamus id massa ut ex gravida blandit vitae tempor augue.",,banner12.jpg,6,1,maribelnavascu_s,,,,,,https://twitter.com/elguisanteverde,,,http://www.guisanteverdeproject.com/,Bilbao,ES,,Guisante Verde Project,12
15,robertopoza,massive,testing+robertopoza@travelmassive.com,Roberto,Poza,"Lorem ipsum dolor sit amet, consectetur adipiscing elit. Ut tellus ante, consequat quis massa id, consequat gravida mi. Cras ultricies semper orci. Etiam sit amet ipsum et est venenatis consequat id nec est. Proin vel facilisis ante. Pellentesque maximus tellus velit, in facilisis nisl sagittis ut. Nam et nisl iaculis, vehicula risus et, feugiat ipsum. Morbi porttitor eros sed aliquet varius. Nulla diam nibh, accumsan eu massa nec, ultrices gravida diam. Vivamus id massa ut ex gravida blandit vitae tempor augue.",,banner1.jpg,6,1,robertopoza,,,,,,https://twitter.com/elguisanteverde,,,http://www.guisanteverdeproject.com/,Bilbao,ES,,Guisante Verde Project,13
16,nataliazapatero,massive,testing+nataliazapatero@travelmassive.com,Natalia,Zapatero,"Lorem ipsum dolor sit amet, consectetur adipiscing elit. Ut tellus ante, consequat quis massa id, consequat gravida mi. Cras ultricies semper orci. Etiam sit amet ipsum et est venenatis consequat id nec est. Proin vel facilisis ante. Pellentesque maximus tellus velit, in facilisis nisl sagittis ut. Nam et nisl iaculis, vehicula risus et, feugiat ipsum. Morbi porttitor eros sed aliquet varius. Nulla diam nibh, accumsan eu massa nec, ultrices gravida diam. Vivamus id massa ut ex gravida blandit vitae tempor augue.",,banner2.jpg,6,1,nataliazapatero,,,,,,https://twitter.com/turiskopio,,,http://www.turiskopio.com/,Bilbao,ES,,Turiskopio,14
17,miguelloitxate,massive,testing+miguelloitxate@travelmassive.com,Miguel,Loitxate,"Lorem ipsum dolor sit amet, consectetur adipiscing elit. Ut tellus ante, consequat quis massa id, consequat gravida mi. Cras ultricies semper orci. Etiam sit amet ipsum et est venenatis consequat id nec est. Proin vel facilisis ante. Pellentesque maximus tellus velit, in facilisis nisl sagittis ut. Nam et nisl iaculis, vehicula risus et, feugiat ipsum. Morbi porttitor eros sed aliquet varius. Nulla diam nibh, accumsan eu massa nec, ultrices gravida diam. Vivamus id massa ut ex gravida blandit vitae tempor augue.",,banner3.jpg,6,1,miguelloitxate,,,,,,https://twitter.com/Lonifasiko,,,http://www.lonifasiko.com/,Bilbao,ES,,Lonifasiko,15
18,polinaraygorodskaya,massive,testing+polinaraygorodskaya@travelmassive.com,Polina,Raygorodskaya,"Lorem ipsum dolor sit amet, consectetur adipiscing elit. Ut tellus ante, consequat quis massa id, consequat gravida mi. Cras ultricies semper orci. Etiam sit amet ipsum et est venenatis consequat id nec est. Proin vel facilisis ante. Pellentesque maximus tellus velit, in facilisis nisl sagittis ut. Nam et nisl iaculis, vehicula risus et, feugiat ipsum. Morbi porttitor eros sed aliquet varius. Nulla diam nibh, accumsan eu massa nec, ultrices gravida diam. Vivamus id massa ut ex gravida blandit vitae tempor augue.",,banner4.jpg,6,1,polinaraygorodskaya,,,,,,https://twitter.com/GoWanderu,,,http://wanderu.com,Boston,US,,Wanderu,16
19,valynperini,massive,testing+valynperini@travelmassive.com,Valyn,Perini,"Lorem ipsum dolor sit amet, consectetur adipiscing elit. Ut tellus ante, consequat quis massa id, consequat gravida mi. Cras ultricies semper orci. Etiam sit amet ipsum et est venenatis consequat id nec est. Proin vel facilisis ante. Pellentesque maximus tellus velit, in facilisis nisl sagittis ut. Nam et nisl iaculis, vehicula risus et, feugiat ipsum. Morbi porttitor eros sed aliquet varius. Nulla diam nibh, accumsan eu massa nec, ultrices gravida diam. Vivamus id massa ut ex gravida blandit vitae tempor augue.",,banner5.jpg,6,1,valynperini,,,,,,http://twitter.com/valynperini,,,http://www.kalibrilabs.com,Boston,US,,Kalibri Labs,17
20,kirstywallett,massive,testing+kirstywallett@travelmassive.com,Kirsty,Wallett,"Lorem ipsum dolor sit amet, consectetur adipiscing elit. Ut tellus ante, consequat quis massa id, consequat gravida mi. Cras ultricies semper orci. Etiam sit amet ipsum et est venenatis consequat id nec est. Proin vel facilisis ante. Pellentesque maximus tellus velit, in facilisis nisl sagittis ut. Nam et nisl iaculis, vehicula risus et, feugiat ipsum. Morbi porttitor eros sed aliquet varius. Nulla diam nibh, accumsan eu massa nec, ultrices gravida diam. Vivamus id massa ut ex gravida blandit vitae tempor augue.",,banner6.jpg,6,1,kirstywallett,,,,,,http://twitter.com/kirstywallett,,,http://www.kfrancsocial.com/,Brisbane,AU,,K Franc Social & PR,18
21,kristinrepsher,massive,testing+kristinrepsher@travelmassive.com,Kristin,Repsher,"Lorem ipsum dolor sit amet, consectetur adipiscing elit. Ut tellus ante, consequat quis massa id, consequat gravida mi. Cras ultricies semper orci. Etiam sit amet ipsum et est venenatis consequat id nec est. Proin vel facilisis ante. Pellentesque maximus tellus velit, in facilisis nisl sagittis ut. Nam et nisl iaculis, vehicula risus et, feugiat ipsum. Morbi porttitor eros sed aliquet varius. Nulla diam nibh, accumsan eu massa nec, ultrices gravida diam. Vivamus id massa ut ex gravida blandit vitae tempor augue.",,banner7.jpg,6,1,kristinrepsher,,,,,,http://twitter.com/aussiestompy,,,http://www.bootsandabackpack.com/,Brisbane,AU,,Boots and a backpack,19
22,katewaite,massive,testing+katewaite@travelmassive.com,Kate,Waite,"Lorem ipsum dolor sit amet, consectetur adipiscing elit. Ut tellus ante, consequat quis massa id, consequat gravida mi. Cras ultricies semper orci. Etiam sit amet ipsum et est venenatis consequat id nec est. Proin vel facilisis ante. Pellentesque maximus tellus velit, in facilisis nisl sagittis ut. Nam et nisl iaculis, vehicula risus et, feugiat ipsum. Morbi porttitor eros sed aliquet varius. Nulla diam nibh, accumsan eu massa nec, ultrices gravida diam. Vivamus id massa ut ex gravida blandit vitae tempor augue.",,banner8.jpg,6,1,katewaite,,,,,,https://twitter.com/natworldsafaris,,,http://www.naturalworldsafaris.com/destinations/africa-and-the-indian-ocean/tanzania/accommodation/nomads-greystoke-camp.aspx,Brighton,UK,,Natural World Safaris,20
23,lucycropp,massive,testing+lucycropp@travelmassive.com,Lucy,Cropp,"Lorem ipsum dolor sit amet, consectetur adipiscing elit. Ut tellus ante, consequat quis massa id, consequat gravida mi. Cras ultricies semper orci. Etiam sit amet ipsum et est venenatis consequat id nec est. Proin vel facilisis ante. Pellentesque maximus tellus velit, in facilisis nisl sagittis ut. Nam et nisl iaculis, vehicula risus et, feugiat ipsum. Morbi porttitor eros sed aliquet varius. Nulla diam nibh, accumsan eu massa nec, ultrices gravida diam. Vivamus id massa ut ex gravida blandit vitae tempor augue.",,banner9.jpg,6,1,lucycropp,,,,,,https://twitter.com/CWTDigital,,,http://www.cwtdigital.com/,Brighton,UK,,CWT Digital,21
24,pandorageorge,massive,testing+pandorageorge@travelmassive.com,Pandora,George,"Lorem ipsum dolor sit amet, consectetur adipiscing elit. Ut tellus ante, consequat quis massa id, consequat gravida mi. Cras ultricies semper orci. Etiam sit amet ipsum et est venenatis consequat id nec est. Proin vel facilisis ante. Pellentesque maximus tellus velit, in facilisis nisl sagittis ut. Nam et nisl iaculis, vehicula risus et, feugiat ipsum. Morbi porttitor eros sed aliquet varius. Nulla diam nibh, accumsan eu massa nec, ultrices gravida diam. Vivamus id massa ut ex gravida blandit vitae tempor augue.",,banner10.jpg,6,1,pandorageorge,,,,,,https://twitter.com/pandorabullet,,,http://bulletpr.co.uk/,Brighton,UK,,Bullet PR,22
25,lucygrewcock,massive,testing+lucygrewcock@travelmassive.com,Lucy,Grewcock,"Lorem ipsum dolor sit amet, consectetur adipiscing elit. Ut tellus ante, consequat quis massa id, consequat gravida mi. Cras ultricies semper orci. Etiam sit amet ipsum et est venenatis consequat id nec est. Proin vel facilisis ante. Pellentesque maximus tellus velit, in facilisis nisl sagittis ut. Nam et nisl iaculis, vehicula risus et, feugiat ipsum. Morbi porttitor eros sed aliquet varius. Nulla diam nibh, accumsan eu massa nec, ultrices gravida diam. Vivamus id massa ut ex gravida blandit vitae tempor augue.",,banner11.jpg,6,1,lucygrewcock,,,,,,https://twitter.com/lucygrewcock,,,http://lucygrewcock.com/,Brighton,UK,,Lucy Grewcock,23
26,chrischesak,massive,testing+chrischesak@travelmassive.com,Chris,Chesak,"Lorem ipsum dolor sit amet, consectetur adipiscing elit. Ut tellus ante, consequat quis massa id, consequat gravida mi. Cras ultricies semper orci. Etiam sit amet ipsum et est venenatis consequat id nec est. Proin vel facilisis ante. Pellentesque maximus tellus velit, in facilisis nisl sagittis ut. Nam et nisl iaculis, vehicula risus et, feugiat ipsum. Morbi porttitor eros sed aliquet varius. Nulla diam nibh, accumsan eu massa nec, ultrices gravida diam. Vivamus id massa ut ex gravida blandit vitae tempor augue.",,banner12.jpg,6,1,chrischesak,,,,,,https://twitter.com/adventuretweets,,,http://www.adventuretravel.biz/,Cincinnati,US,,Adventure Travel Trade Association,24
27,joshuasmibert,massive,testing+joshuasmibert@travelmassive.com,Joshua,Smibert,"Lorem ipsum dolor sit amet, consectetur adipiscing elit. Ut tellus ante, consequat quis massa id, consequat gravida mi. Cras ultricies semper orci. Etiam sit amet ipsum et est venenatis consequat id nec est. Proin vel facilisis ante. Pellentesque maximus tellus velit, in facilisis nisl sagittis ut. Nam et nisl iaculis, vehicula risus et, feugiat ipsum. Morbi porttitor eros sed aliquet varius. Nulla diam nibh, accumsan eu massa nec, ultrices gravida diam. Vivamus id massa ut ex gravida blandit vitae tempor augue.",,banner1.jpg,6,1,joshuasmibert,,,,,,https://twitter.com/roadtrippers,,,https://roadtrippers.com/,Cincinnati,US,,Roadtrippers,25
28,odettefaling,massive,testing+odettefaling@travelmassive.com,Odette,Faling,"Lorem ipsum dolor sit amet, consectetur adipiscing elit. Ut tellus ante, consequat quis massa id, consequat gravida mi. Cras ultricies semper orci. Etiam sit amet ipsum et est venenatis consequat id nec est. Proin vel facilisis ante. Pellentesque maximus tellus velit, in facilisis nisl sagittis ut. Nam et nisl iaculis, vehicula risus et, feugiat ipsum. Morbi porttitor eros sed aliquet varius. Nulla diam nibh, accumsan eu massa nec, ultrices gravida diam. Vivamus id massa ut ex gravida blandit vitae tempor augue.",,banner2.jpg,6,1,odettefaling,,,,,,https://twitter.com/travelstarters,,,https://www.travelstart.co.za/become-an-affiliate,Cape Town,ZA,,Travelstart,26
29,simonlewis,massive,testing+simonlewis@travelmassive.com,Simon,Lewis,Travel Concept Solution is a Marketing and Social Media company based in Cape Town South Africa.,simonlewis.jpg,simonlewis_banner.jpg,6,1,simonlewis,,,,,,https://twitter.com/simlewis,,,http://www.travelconceptsolution.com/,Cape Town,ZA,,Travel Concept Solution,27
30,dawnjorgensen,massive,testing+dawnjorgensen@travelmassive.com,Dawn,Jorgensen,The Incidental Tourist. Travel Writer. Beauty Seeker. Earth Advocate. Dream Holiday Taker. An ever Conscious Traveller who's Proudly African. #TravelMassive,dawnjorgensen.jpg,dawnjorgensen_banner.jpg,6,1,dawnjorgensen,,,,,,https://twitter.com/DawnJorgensen,,,http://theincidentaltourist.com/,Cape Town,ZA,,The Incidental Tourist,28
31,olgaivanidi,massive,testing+olgaivanidi@travelmassive.com,Olga,Ivanidi,"Lorem ipsum dolor sit amet, consectetur adipiscing elit. Ut tellus ante, consequat quis massa id, consequat gravida mi. Cras ultricies semper orci. Etiam sit amet ipsum et est venenatis consequat id nec est. Proin vel facilisis ante. Pellentesque maximus tellus velit, in facilisis nisl sagittis ut. Nam et nisl iaculis, vehicula risus et, feugiat ipsum. Morbi porttitor eros sed aliquet varius. Nulla diam nibh, accumsan eu massa nec, ultrices gravida diam. Vivamus id massa ut ex gravida blandit vitae tempor augue.",,banner5.jpg,6,1,olgaivanidi,,,,,,https://twitter.com/olga_ivanidi,,,http://olgaivanidiauthor.wordpress.com/,Chicago,US,,Olga Ivanidi,29
32,brucerosard,massive,testing+brucerosard@travelmassive.com,Bruce,Rosard,"Lorem ipsum dolor sit amet, consectetur adipiscing elit. Ut tellus ante, consequat quis massa id, consequat gravida mi. Cras ultricies semper orci. Etiam sit amet ipsum et est venenatis consequat id nec est. Proin vel facilisis ante. Pellentesque maximus tellus velit, in facilisis nisl sagittis ut. Nam et nisl iaculis, vehicula risus et, feugiat ipsum. Morbi porttitor eros sed aliquet varius. Nulla diam nibh, accumsan eu massa nec, ultrices gravida diam. Vivamus id massa ut ex gravida blandit vitae tempor augue.",,banner6.jpg,6,1,brucerosard,,,,,,http://twitter.com/brucerosard,,,http://up211.com/,Colorado,US,,"UP211, CEO",30
33,petecomeau,massive,testing+petecomeau@travelmassive.com,Pete,Comeau,"Lorem ipsum dolor sit amet, consectetur adipiscing elit. Ut tellus ante, consequat quis massa id, consequat gravida mi. Cras ultricies semper orci. Etiam sit amet ipsum et est venenatis consequat id nec est. Proin vel facilisis ante. Pellentesque maximus tellus velit, in facilisis nisl sagittis ut. Nam et nisl iaculis, vehicula risus et, feugiat ipsum. Morbi porttitor eros sed aliquet varius. Nulla diam nibh, accumsan eu massa nec, ultrices gravida diam. Vivamus id massa ut ex gravida blandit vitae tempor augue.",,banner7.jpg,6,1,petecomeau,,,,,,https://twitter.com/pwcomeau,,,http://www.phocuswright.com,Colorado,US,,PhocusWright,31
34,alexkremer,massive,testing+alexkremer@travelmassive.com,Alex,Kremer,"Lorem ipsum dolor sit amet, consectetur adipiscing elit. Ut tellus ante, consequat quis massa id, consequat gravida mi. Cras ultricies semper orci. Etiam sit amet ipsum et est venenatis consequat id nec est. Proin vel facilisis ante. Pellentesque maximus tellus velit, in facilisis nisl sagittis ut. Nam et nisl iaculis, vehicula risus et, feugiat ipsum. Morbi porttitor eros sed aliquet varius. Nulla diam nibh, accumsan eu massa nec, ultrices gravida diam. Vivamus id massa ut ex gravida blandit vitae tempor augue.",,banner8.jpg,6,1,alexkremer,,,,,,https://twitter.com/axk,,,http://www.flextrip.com,Colorado,US,,FlexTrip,32
35,leithstevens,massive,testing+leithstevens@travelmassive.com,Leith,Stevens,"Lorem ipsum dolor sit amet, consectetur adipiscing elit. Ut tellus ante, consequat quis massa id, consequat gravida mi. Cras ultricies semper orci. Etiam sit amet ipsum et est venenatis consequat id nec est. Proin vel facilisis ante. Pellentesque maximus tellus velit, in facilisis nisl sagittis ut. Nam et nisl iaculis, vehicula risus et, feugiat ipsum. Morbi porttitor eros sed aliquet varius. Nulla diam nibh, accumsan eu massa nec, ultrices gravida diam. Vivamus id massa ut ex gravida blandit vitae tempor augue.",,banner9.jpg,6,1,leithstevens,,,,,,https://twitter.com/leithstevens,,,http://www.flextrip.com,Colorado,US,,FlexTrip,33
36,darrenhenley,massive,testing+darrenhenley@travelmassive.com,Darren,Henley,"Lorem ipsum dolor sit amet, consectetur adipiscing elit. Ut tellus ante, consequat quis massa id, consequat gravida mi. Cras ultricies semper orci. Etiam sit amet ipsum et est venenatis consequat id nec est. Proin vel facilisis ante. Pellentesque maximus tellus velit, in facilisis nisl sagittis ut. Nam et nisl iaculis, vehicula risus et, feugiat ipsum. Morbi porttitor eros sed aliquet varius. Nulla diam nibh, accumsan eu massa nec, ultrices gravida diam. Vivamus id massa ut ex gravida blandit vitae tempor augue.",,banner10.jpg,6,1,darrenhenley,,,,,,http://www.twitter.com/bigdtweet,,,http://www.sabre.com/,Dallas,US,,Sabre,34
37,colmhanratty,massive,testing+colmhanratty@travelmassive.com,Colm,Hanratty,Founded & built all of Hostelworld's social channels. Now gone solo with @sixtwodigital. One of two guys behind @LookShareRepeat. Love to travel. Proud father.,colmhanratty.jpg,colmhanratty_banner.jpg,6,1,colmhanratty,,,,,,http://twitter.com/colmhanratty,,,http://www.sixtwodigital.com/,Dublin,IE,,SixTwo Digital,35
38,amandacampbell,massive,testing+amandacampbell@travelmassive.com,Amanda,Campbell,"Lorem ipsum dolor sit amet, consectetur adipiscing elit. Ut tellus ante, consequat quis massa id, consequat gravida mi. Cras ultricies semper orci. Etiam sit amet ipsum et est venenatis consequat id nec est. Proin vel facilisis ante. Pellentesque maximus tellus velit, in facilisis nisl sagittis ut. Nam et nisl iaculis, vehicula risus et, feugiat ipsum. Morbi porttitor eros sed aliquet varius. Nulla diam nibh, accumsan eu massa nec, ultrices gravida diam. Vivamus id massa ut ex gravida blandit vitae tempor augue.",,banner12.jpg,6,1,amandacampbell,,,,,,https://twitter.com/AmandaLCampbell,,,http://www.openjawtech.com,Dublin,IE,,OpenJaw,36
39,kevinoshaughnessy,massive,testing+kevinoshaughnessy@travelmassive.com,Kevin,O'Shaughnessy,"Founder of @indigoconnect, @cityhook. Software developer based in Dublin. All about mobile, NodeJS, interaction design, New Travel and Irish startups",kevinoshaughnessy.jpg,banner1.jpg,6,1,kevinoshaughnessy,,,,,,https://twitter.com/cityhook,,,http://www.cityhook.com/,Dublin,IE,,CityHook,37
40,stuartblitz,massive,testing+stuartblitz@travelmassive.com,Stuart,Blitz,"Executive Director of Biz Dev at AgaMatrix, diabetes, mobile and medical devices, travel guru",stuartblitz.png,banner2.jpg,6,1,stuartblitz,,,,,,https://twitter.com/StuartBlitz,,,http://wellobox.com/,Hong Kong,HK,,Wellobox,38
41,benkornfield,massive,testing+benkornfield@travelmassive.com,Ben,Kornfield,"Lorem ipsum dolor sit amet, consectetur adipiscing elit. Ut tellus ante, consequat quis massa id, consequat gravida mi. Cras ultricies semper orci. Etiam sit amet ipsum et est venenatis consequat id nec est. Proin vel facilisis ante. Pellentesque maximus tellus velit, in facilisis nisl sagittis ut. Nam et nisl iaculis, vehicula risus et, feugiat ipsum. Morbi porttitor eros sed aliquet varius. Nulla diam nibh, accumsan eu massa nec, ultrices gravida diam. Vivamus id massa ut ex gravida blandit vitae tempor augue.",,banner3.jpg,6,1,benkornfield,,,,,,https://twitter.com/benkornfield,,,http://wellobox.com/,Hong Kong,HK,,Wellobox,39
42,priscillakornfield,massive,testing+priscillakornfield@travelmassive.com,Priscilla,Kornfield,"Lorem ipsum dolor sit amet, consectetur adipiscing elit. Ut tellus ante, consequat quis massa id, consequat gravida mi. Cras ultricies semper orci. Etiam sit amet ipsum et est venenatis consequat id nec est. Proin vel facilisis ante. Pellentesque maximus tellus velit, in facilisis nisl sagittis ut. Nam et nisl iaculis, vehicula risus et, feugiat ipsum. Morbi porttitor eros sed aliquet varius. Nulla diam nibh, accumsan eu massa nec, ultrices gravida diam. Vivamus id massa ut ex gravida blandit vitae tempor augue.",,banner4.jpg,6,1,priscillakornfield,,,,,,https://twitter.com/PrisKornfield,,,http://tripwant.com/,Hong Kong,HK,,TripWant,40
43,garlandboyette,massive,testing+garlandboyette@travelmassive.com,Garland,Boyette,"Lorem ipsum dolor sit amet, consectetur adipiscing elit. Ut tellus ante, consequat quis massa id, consequat gravida mi. Cras ultricies semper orci. Etiam sit amet ipsum et est venenatis consequat id nec est. Proin vel facilisis ante. Pellentesque maximus tellus velit, in facilisis nisl sagittis ut. Nam et nisl iaculis, vehicula risus et, feugiat ipsum. Morbi porttitor eros sed aliquet varius. Nulla diam nibh, accumsan eu massa nec, ultrices gravida diam. Vivamus id massa ut ex gravida blandit vitae tempor augue.",,banner5.jpg,6,1,garlandboyette,,,,,,,,https://www.linkedin.com/profile/view?trk=nav_responsive_tab_profile&id=26462211,http://www.maxwellstamp.com/,Houston,US,,Maxwel Stamp,41
44,michelepechlof,massive,testing+michelepechlof@travelmassive.com,Michele,Pechlof,"Lorem ipsum dolor sit amet, consectetur adipiscing elit. Ut tellus ante, consequat quis massa id, consequat gravida mi. Cras ultricies semper orci. Etiam sit amet ipsum et est venenatis consequat id nec est. Proin vel facilisis ante. Pellentesque maximus tellus velit, in facilisis nisl sagittis ut. Nam et nisl iaculis, vehicula risus et, feugiat ipsum. Morbi porttitor eros sed aliquet varius. Nulla diam nibh, accumsan eu massa nec, ultrices gravida diam. Vivamus id massa ut ex gravida blandit vitae tempor augue.",,banner6.jpg,6,1,michelepechlof,,,,,,,https://www.facebook.com/GirlGoneInternational,,http://girlgoneinternational.com/,Houston,US,,Girl Gone International,1
45,daryushbaudo,massive,testing+daryushbaudo@travelmassive.com,Daryush,Baudo,"Lorem ipsum dolor sit amet, consectetur adipiscing elit. Ut tellus ante, consequat quis massa id, consequat gravida mi. Cras ultricies semper orci. Etiam sit amet ipsum et est venenatis consequat id nec est. Proin vel facilisis ante. Pellentesque maximus tellus velit, in facilisis nisl sagittis ut. Nam et nisl iaculis, vehicula risus et, feugiat ipsum. Morbi porttitor eros sed aliquet varius. Nulla diam nibh, accumsan eu massa nec, ultrices gravida diam. Vivamus id massa ut ex gravida blandit vitae tempor augue.",,banner7.jpg,6,1,daryushbaudo,,,,,,,https://www.facebook.com/TalkingBoot,,http://www.talkingboot.com/,Houston,US,,TalkingBoot,2
46,liaandrienko,massive,testing+liaandrienko@travelmassive.com,Lia,Andrienko,"Lorem ipsum dolor sit amet, consectetur adipiscing elit. Ut tellus ante, consequat quis massa id, consequat gravida mi. Cras ultricies semper orci. Etiam sit amet ipsum et est venenatis consequat id nec est. Proin vel facilisis ante. Pellentesque maximus tellus velit, in facilisis nisl sagittis ut. Nam et nisl iaculis, vehicula risus et, feugiat ipsum. Morbi porttitor eros sed aliquet varius. Nulla diam nibh, accumsan eu massa nec, ultrices gravida diam. Vivamus id massa ut ex gravida blandit vitae tempor augue.",,banner8.jpg,6,1,liaandrienko,,,,,,,,,http://bookburn.com.ua/,Kiev,UA,,Bookburn.com.ua,3
47,michaelball,massive,testing+michaelball@travelmassive.com,Michael,Ball,"Co-founder of @TraverseEvents and London #TravelMassive. Marketing at @EatingLondon - chat about sports and beer too often, all thoughts my own etc®Õ",michaelball.jpg,michaelball_banner.jpg,6,1,michaelball,,,,,,http://twitter.com/michaeleball,,,http://www.traverse-events.com/,London,UK,,Traverse,4
48,aliciadrewnicki,massive,testing+aliciadrewnicki@travelmassive.com,Alicia,Drewnicki,"Lorem ipsum dolor sit amet, consectetur adipiscing elit. Ut tellus ante, consequat quis massa id, consequat gravida mi. Cras ultricies semper orci. Etiam sit amet ipsum et est venenatis consequat id nec est. Proin vel facilisis ante. Pellentesque maximus tellus velit, in facilisis nisl sagittis ut. Nam et nisl iaculis, vehicula risus et, feugiat ipsum. Morbi porttitor eros sed aliquet varius. Nulla diam nibh, accumsan eu massa nec, ultrices gravida diam. Vivamus id massa ut ex gravida blandit vitae tempor augue.",aliciadrewnicki.jpg,aliciadrewnicki_banner.jpg,6,1,aliciadrewnicki,,,,,,https://twitter.com/AliciaExplores,,,http://aliciaexplores.com/,London,UK,,Alicia Explores,5
49,marybeen,massive,testing+marybeen@travelmassive.com,Mary,Been,"Lorem ipsum dolor sit amet, consectetur adipiscing elit. Ut tellus ante, consequat quis massa id, consequat gravida mi. Cras ultricies semper orci. Etiam sit amet ipsum et est venenatis consequat id nec est. Proin vel facilisis ante. Pellentesque maximus tellus velit, in facilisis nisl sagittis ut. Nam et nisl iaculis, vehicula risus et, feugiat ipsum. Morbi porttitor eros sed aliquet varius. Nulla diam nibh, accumsan eu massa nec, ultrices gravida diam. Vivamus id massa ut ex gravida blandit vitae tempor augue.",,banner11.jpg,6,1,marybeen,,,,,,https://twitter.com/jetsetextra,,,http://www.jetsetextra.com/,Los Angeles,LA,,Jetset Extra,6
50,kelleyferro,massive,testing+kelleyferro@travelmassive.com,Kelley,Ferro,"Lorem ipsum dolor sit amet, consectetur adipiscing elit. Ut tellus ante, consequat quis massa id, consequat gravida mi. Cras ultricies semper orci. Etiam sit amet ipsum et est venenatis consequat id nec est. Proin vel facilisis ante. Pellentesque maximus tellus velit, in facilisis nisl sagittis ut. Nam et nisl iaculis, vehicula risus et, feugiat ipsum. Morbi porttitor eros sed aliquet varius. Nulla diam nibh, accumsan eu massa nec, ultrices gravida diam. Vivamus id massa ut ex gravida blandit vitae tempor augue.",,banner12.jpg,6,1,kelleyferro,,,,,,https://twitter.com/kelleyferro,,,http://www.kelleyferro.com/,Los Angeles,LA,,Kelley Ferro Productions,7
51,arnettetravels,massive,testing+arnettetravels@travelmassive.com,Arnette,Travels,"Lorem ipsum dolor sit amet, consectetur adipiscing elit. Ut tellus ante, consequat quis massa id, consequat gravida mi. Cras ultricies semper orci. Etiam sit amet ipsum et est venenatis consequat id nec est. Proin vel facilisis ante. Pellentesque maximus tellus velit, in facilisis nisl sagittis ut. Nam et nisl iaculis, vehicula risus et, feugiat ipsum. Morbi porttitor eros sed aliquet varius. Nulla diam nibh, accumsan eu massa nec, ultrices gravida diam. Vivamus id massa ut ex gravida blandit vitae tempor augue.",,banner1.jpg,6,1,arnettetravels,,,,,,https://twitter.com/rtwgirl_,,,http://www.rtwgirl.com/,Los Angeles,LA,,Round The World Girl,8
52,victoriabrewood,massive,testing+victoriabrewood@travelmassive.com,Victoria,Brewood,"Lorem ipsum dolor sit amet, consectetur adipiscing elit. Ut tellus ante, consequat quis massa id, consequat gravida mi. Cras ultricies semper orci. Etiam sit amet ipsum et est venenatis consequat id nec est. Proin vel facilisis ante. Pellentesque maximus tellus velit, in facilisis nisl sagittis ut. Nam et nisl iaculis, vehicula risus et, feugiat ipsum. Morbi porttitor eros sed aliquet varius. Nulla diam nibh, accumsan eu massa nec, ultrices gravida diam. Vivamus id massa ut ex gravida blandit vitae tempor augue.",,banner2.jpg,6,1,victoriabrewood,,,,,,https://twitter.com/pommietravels,,,http://www.pommietravels.com/,Manchester,UK,,Pommie Travels,9
53,ianmoss,massive,testing+ianmoss@travelmassive.com,Ian,Moss,"Lorem ipsum dolor sit amet, consectetur adipiscing elit. Ut tellus ante, consequat quis massa id, consequat gravida mi. Cras ultricies semper orci. Etiam sit amet ipsum et est venenatis consequat id nec est. Proin vel facilisis ante. Pellentesque maximus tellus velit, in facilisis nisl sagittis ut. Nam et nisl iaculis, vehicula risus et, feugiat ipsum. Morbi porttitor eros sed aliquet varius. Nulla diam nibh, accumsan eu massa nec, ultrices gravida diam. Vivamus id massa ut ex gravida blandit vitae tempor augue.",,banner3.jpg,6,1,ianmoss,,,,,,https://twitter.com/196Destinations,,,http://196destinations.com/,Manchester,UK,,196 Destinations,10
54,miapebleton,massive,testing+miapebleton@travelmassive.com,Mia,Pebleton,"Fighting through Britain's grey weather to find weekend trips, #travel adventures and short breaks worth shouting about.",miapebleton.jpg,miapebleton_banner.png,6,1,miapebleton,,,,,,https://twitter.com/uktravelroom,,,http://www.uktravelroom.co.uk/,Manchester,UK,,UK Travel Room,11
55,elizalatesen,massive,testing+elizalatesen@travelmassive.com,Eliza,Latesen,"Lorem ipsum dolor sit amet, consectetur adipiscing elit. Ut tellus ante, consequat quis massa id, consequat gravida mi. Cras ultricies semper orci. Etiam sit amet ipsum et est venenatis consequat id nec est. Proin vel facilisis ante. Pellentesque maximus tellus velit, in facilisis nisl sagittis ut. Nam et nisl iaculis, vehicula risus et, feugiat ipsum. Morbi porttitor eros sed aliquet varius. Nulla diam nibh, accumsan eu massa nec, ultrices gravida diam. Vivamus id massa ut ex gravida blandit vitae tempor augue.",,banner5.jpg,6,1,elizalatesen,,,,,,,,,http://expostars.com/,Manchester,UK,,Expo Stars Interactive,12
56,rafdionisio,massive,testing+rafdionisio@travelmassive.com,Raf,Dionisio,"Lorem ipsum dolor sit amet, consectetur adipiscing elit. Ut tellus ante, consequat quis massa id, consequat gravida mi. Cras ultricies semper orci. Etiam sit amet ipsum et est venenatis consequat id nec est. Proin vel facilisis ante. Pellentesque maximus tellus velit, in facilisis nisl sagittis ut. Nam et nisl iaculis, vehicula risus et, feugiat ipsum. Morbi porttitor eros sed aliquet varius. Nulla diam nibh, accumsan eu massa nec, ultrices gravida diam. Vivamus id massa ut ex gravida blandit vitae tempor augue.",,banner6.jpg,6,1,rafdionisio,,,,,,,,,http://www.thecirclehostel.com/,Manila,PH,,The Circle Hostel,13
57,kyleellison,massive,testing+kyleellison@travelmassive.com,Kyle,Ellison,"Lorem ipsum dolor sit amet, consectetur adipiscing elit. Ut tellus ante, consequat quis massa id, consequat gravida mi. Cras ultricies semper orci. Etiam sit amet ipsum et est venenatis consequat id nec est. Proin vel facilisis ante. Pellentesque maximus tellus velit, in facilisis nisl sagittis ut. Nam et nisl iaculis, vehicula risus et, feugiat ipsum. Morbi porttitor eros sed aliquet varius. Nulla diam nibh, accumsan eu massa nec, ultrices gravida diam. Vivamus id massa ut ex gravida blandit vitae tempor augue.",,banner7.jpg,6,1,kyleellison,,,,,,https://twitter.com/kylethevagabond,,,http://kylethevagabond.com/,Maui,US,,Kyle the Vagabond,14
58,alexandrapucherelli,massive,testing+alexandrapucherelli@travelmassive.com,Alexandra,Pucherelli,"Lorem ipsum dolor sit amet, consectetur adipiscing elit. Ut tellus ante, consequat quis massa id, consequat gravida mi. Cras ultricies semper orci. Etiam sit amet ipsum et est venenatis consequat id nec est. Proin vel facilisis ante. Pellentesque maximus tellus velit, in facilisis nisl sagittis ut. Nam et nisl iaculis, vehicula risus et, feugiat ipsum. Morbi porttitor eros sed aliquet varius. Nulla diam nibh, accumsan eu massa nec, ultrices gravida diam. Vivamus id massa ut ex gravida blandit vitae tempor augue.",,banner8.jpg,6,1,alexandrapucherelli,,,,,,https://twitter.com/MasterFrolicker,,,http://fluentinfrolicking.com/,Maui,US,,Fluent in Frolicking,15
59,wendyharvey,massive,testing+wendyharvey@travelmassive.com,Wendy,Harvey,"Lorem ipsum dolor sit amet, consectetur adipiscing elit. Ut tellus ante, consequat quis massa id, consequat gravida mi. Cras ultricies semper orci. Etiam sit amet ipsum et est venenatis consequat id nec est. Proin vel facilisis ante. Pellentesque maximus tellus velit, in facilisis nisl sagittis ut. Nam et nisl iaculis, vehicula risus et, feugiat ipsum. Morbi porttitor eros sed aliquet varius. Nulla diam nibh, accumsan eu massa nec, ultrices gravida diam. Vivamus id massa ut ex gravida blandit vitae tempor augue.",,banner9.jpg,6,1,wendyharvey,,,,,,https://twitter.com/PRwahine,,,http://socialflutterby.com/,Maui,US,,Social Flutterby,16
60,peterdaams,massive,testing+peterdaams@travelmassive.com,Peter,Daams,"Lorem ipsum dolor sit amet, consectetur adipiscing elit. Ut tellus ante, consequat quis massa id, consequat gravida mi. Cras ultricies semper orci. Etiam sit amet ipsum et est venenatis consequat id nec est. Proin vel facilisis ante. Pellentesque maximus tellus velit, in facilisis nisl sagittis ut. Nam et nisl iaculis, vehicula risus et, feugiat ipsum. Morbi porttitor eros sed aliquet varius. Nulla diam nibh, accumsan eu massa nec, ultrices gravida diam. Vivamus id massa ut ex gravida blandit vitae tempor augue.",,banner10.jpg,6,1,peterdaams,,,,,,http://twitter.com/daamsie,,,http://travellerspoint.com,Melbourne,AU,,TravellersPoint,17
61,katherinatravels,massive,testing+katherinatravels@travelmassive.com,Katherina,Travels,"Lorem ipsum dolor sit amet, consectetur adipiscing elit. Ut tellus ante, consequat quis massa id, consequat gravida mi. Cras ultricies semper orci. Etiam sit amet ipsum et est venenatis consequat id nec est. Proin vel facilisis ante. Pellentesque maximus tellus velit, in facilisis nisl sagittis ut. Nam et nisl iaculis, vehicula risus et, feugiat ipsum. Morbi porttitor eros sed aliquet varius. Nulla diam nibh, accumsan eu massa nec, ultrices gravida diam. Vivamus id massa ut ex gravida blandit vitae tempor augue.",,banner11.jpg,6,1,katherinatravels,,,,,,https://twitter.com/kapcha,,,http://www.kapchatheworld.com/,Melbourne,AU,,Kapcha The World,18
62,tommasosolesin,massive,testing+tommasosolesin@travelmassive.com,Tommaso,Solesin,"Lorem ipsum dolor sit amet, consectetur adipiscing elit. Ut tellus ante, consequat quis massa id, consequat gravida mi. Cras ultricies semper orci. Etiam sit amet ipsum et est venenatis consequat id nec est. Proin vel facilisis ante. Pellentesque maximus tellus velit, in facilisis nisl sagittis ut. Nam et nisl iaculis, vehicula risus et, feugiat ipsum. Morbi porttitor eros sed aliquet varius. Nulla diam nibh, accumsan eu massa nec, ultrices gravida diam. Vivamus id massa ut ex gravida blandit vitae tempor augue.",,banner12.jpg,6,1,tommasosolesin,,,,,,https://twitter.com/IndigoConnect,,,http://www.indigo-connect.com/,Milan,IT,,Indigo,19
63,marinabaldini,massive,testing+marinabaldini@travelmassive.com,Marina,Baldini,"Lorem ipsum dolor sit amet, consectetur adipiscing elit. Ut tellus ante, consequat quis massa id, consequat gravida mi. Cras ultricies semper orci. Etiam sit amet ipsum et est venenatis consequat id nec est. Proin vel facilisis ante. Pellentesque maximus tellus velit, in facilisis nisl sagittis ut. Nam et nisl iaculis, vehicula risus et, feugiat ipsum. Morbi porttitor eros sed aliquet varius. Nulla diam nibh, accumsan eu massa nec, ultrices gravida diam. Vivamus id massa ut ex gravida blandit vitae tempor augue.",,banner1.jpg,6,1,marinabaldini,,,,,,https://twitter.com/StartMiUp,,,http://www.startmiup.it/,Milan,IT,,StartMiUp,20
64,lpmaurice,massive,testing+lpmaurice@travelmassive.com,LP,Maurice,"Lorem ipsum dolor sit amet, consectetur adipiscing elit. Ut tellus ante, consequat quis massa id, consequat gravida mi. Cras ultricies semper orci. Etiam sit amet ipsum et est venenatis consequat id nec est. Proin vel facilisis ante. Pellentesque maximus tellus velit, in facilisis nisl sagittis ut. Nam et nisl iaculis, vehicula risus et, feugiat ipsum. Morbi porttitor eros sed aliquet varius. Nulla diam nibh, accumsan eu massa nec, ultrices gravida diam. Vivamus id massa ut ex gravida blandit vitae tempor augue.",,banner2.jpg,6,1,lpmaurice,,,,,,https://twitter.com/lpmo,,,http://www.busbud.com/,Montreal,CA,,Busbud,21
65,laurenmcleod,massive,testing+laurenmcleod@travelmassive.com,Lauren,McLeod,"Lorem ipsum dolor sit amet, consectetur adipiscing elit. Ut tellus ante, consequat quis massa id, consequat gravida mi. Cras ultricies semper orci. Etiam sit amet ipsum et est venenatis consequat id nec est. Proin vel facilisis ante. Pellentesque maximus tellus velit, in facilisis nisl sagittis ut. Nam et nisl iaculis, vehicula risus et, feugiat ipsum. Morbi porttitor eros sed aliquet varius. Nulla diam nibh, accumsan eu massa nec, ultrices gravida diam. Vivamus id massa ut ex gravida blandit vitae tempor augue.",,banner3.jpg,6,1,laurenmcleod,,,,,,https://twitter.com/flmyngo,,,https://flightfox.com/,Montreal,CA,,Flightfox,22
66,valentindombrovsky,massive,testing+valentindombrovsky@travelmassive.com,Valentin,Dombrovsky,"I'm the cat of CEO at @Travelatus, VP #Innovations at @Excursiopedia using @Twitter to share #startups and #travel tech information and for talking with people",valentindombrovsky.jpg,banner4.jpg,6,1,valentindombrovsky,,,,,,,,https://www.linkedin.com/profile/view?id=98474527,http://www.excursiopedia.com/en,Moscow,RU,,Excursiopedia,23
67,olgafeoktistova,massive,testing+olgafeoktistova@travelmassive.com,Olga,Feoktistova,"Lorem ipsum dolor sit amet, consectetur adipiscing elit. Ut tellus ante, consequat quis massa id, consequat gravida mi. Cras ultricies semper orci. Etiam sit amet ipsum et est venenatis consequat id nec est. Proin vel facilisis ante. Pellentesque maximus tellus velit, in facilisis nisl sagittis ut. Nam et nisl iaculis, vehicula risus et, feugiat ipsum. Morbi porttitor eros sed aliquet varius. Nulla diam nibh, accumsan eu massa nec, ultrices gravida diam. Vivamus id massa ut ex gravida blandit vitae tempor augue.",olgafeoktistova.jpg,banner5.jpg,6,1,olgafeoktistova,,,,,,,,https://www.linkedin.com/profile/view?id=74721534,http://www.events.ato.ru/rus/,Moscow,RU,,Ato Events,24
68,leonidpustov,massive,testing+leonidpustov@travelmassive.com,Leonid,Pustov,"Lorem ipsum dolor sit amet, consectetur adipiscing elit. Ut tellus ante, consequat quis massa id, consequat gravida mi. Cras ultricies semper orci. Etiam sit amet ipsum et est venenatis consequat id nec est. Proin vel facilisis ante. Pellentesque maximus tellus velit, in facilisis nisl sagittis ut. Nam et nisl iaculis, vehicula risus et, feugiat ipsum. Morbi porttitor eros sed aliquet varius. Nulla diam nibh, accumsan eu massa nec, ultrices gravida diam. Vivamus id massa ut ex gravida blandit vitae tempor augue.",,banner6.jpg,6,1,leonidpustov,,,,,,,,https://www.linkedin.com/profile/view?id=101025575,http://en.rutramarin.ru/,Moscow,RU,,Rutramarin,25
69,sergeyzadyraka,massive,testing+sergeyzadyraka@travelmassive.com,Sergey,Zadyraka,"Lorem ipsum dolor sit amet, consectetur adipiscing elit. Ut tellus ante, consequat quis massa id, consequat gravida mi. Cras ultricies semper orci. Etiam sit amet ipsum et est venenatis consequat id nec est. Proin vel facilisis ante. Pellentesque maximus tellus velit, in facilisis nisl sagittis ut. Nam et nisl iaculis, vehicula risus et, feugiat ipsum. Morbi porttitor eros sed aliquet varius. Nulla diam nibh, accumsan eu massa nec, ultrices gravida diam. Vivamus id massa ut ex gravida blandit vitae tempor augue.",,banner7.jpg,6,1,sergeyzadyraka,,,,,,,https://www.facebook.com/sergey.zadyraka,,http://www.excursiopedia.com/en,Munich,DE,,Excursiopedia,26
70,alexandrachirkova,massive,testing+alexandrachirkova@travelmassive.com,Alexandra,Chirkova,"Lorem ipsum dolor sit amet, consectetur adipiscing elit. Ut tellus ante, consequat quis massa id, consequat gravida mi. Cras ultricies semper orci. Etiam sit amet ipsum et est venenatis consequat id nec est. Proin vel facilisis ante. Pellentesque maximus tellus velit, in facilisis nisl sagittis ut. Nam et nisl iaculis, vehicula risus et, feugiat ipsum. Morbi porttitor eros sed aliquet varius. Nulla diam nibh, accumsan eu massa nec, ultrices gravida diam. Vivamus id massa ut ex gravida blandit vitae tempor augue.",,banner8.jpg,6,1,alexandrachirkova,,,,,,,https://www.facebook.com/alexandra.chirkova.12,,http://www.excursiopedia.com/en,Munich,DE,,Excursiopedia,27
71,olivernÌªtzel,massive,testing+olivernÌªtzel@travelmassive.com,Oliver,NÌªtzel,"Lorem ipsum dolor sit amet, consectetur adipiscing elit. Ut tellus ante, consequat quis massa id, consequat gravida mi. Cras ultricies semper orci. Etiam sit amet ipsum et est venenatis consequat id nec est. Proin vel facilisis ante. Pellentesque maximus tellus velit, in facilisis nisl sagittis ut. Nam et nisl iaculis, vehicula risus et, feugiat ipsum. Morbi porttitor eros sed aliquet varius. Nulla diam nibh, accumsan eu massa nec, ultrices gravida diam. Vivamus id massa ut ex gravida blandit vitae tempor augue.",,banner9.jpg,6,1,olivernÌªtzel,,,,,,,https://www.facebook.com/onuetzel,,http://www.regiondo.com/,Munich,DE,,Regiondo,28
72,mickelamallozzi,massive,testing+mickelamallozzi@travelmassive.com,Mickela,Mallozzi,"Lorem ipsum dolor sit amet, consectetur adipiscing elit. Ut tellus ante, consequat quis massa id, consequat gravida mi. Cras ultricies semper orci. Etiam sit amet ipsum et est venenatis consequat id nec est. Proin vel facilisis ante. Pellentesque maximus tellus velit, in facilisis nisl sagittis ut. Nam et nisl iaculis, vehicula risus et, feugiat ipsum. Morbi porttitor eros sed aliquet varius. Nulla diam nibh, accumsan eu massa nec, ultrices gravida diam. Vivamus id massa ut ex gravida blandit vitae tempor augue.",,banner10.jpg,6,1,mickelamallozzi,,,,,,https://twitter.com/travelbarefeet,,,http://travelbarefeet.com/,Nashville,US,,Bare Feet,29
73,jessicaparker,massive,testing+jessicaparker@travelmassive.com,Jessica,Parker,"Lorem ipsum dolor sit amet, consectetur adipiscing elit. Ut tellus ante, consequat quis massa id, consequat gravida mi. Cras ultricies semper orci. Etiam sit amet ipsum et est venenatis consequat id nec est. Proin vel facilisis ante. Pellentesque maximus tellus velit, in facilisis nisl sagittis ut. Nam et nisl iaculis, vehicula risus et, feugiat ipsum. Morbi porttitor eros sed aliquet varius. Nulla diam nibh, accumsan eu massa nec, ultrices gravida diam. Vivamus id massa ut ex gravida blandit vitae tempor augue.",,banner11.jpg,6,1,jessicaparker,,,,,,https://twitter.com/TripWhisperer,,,http://www.hlgrp.com/,New York City,US,,HL Group,30
74,rossborden,massive,testing+rossborden@travelmassive.com,Ross,Borden,"Lorem ipsum dolor sit amet, consectetur adipiscing elit. Ut tellus ante, consequat quis massa id, consequat gravida mi. Cras ultricies semper orci. Etiam sit amet ipsum et est venenatis consequat id nec est. Proin vel facilisis ante. Pellentesque maximus tellus velit, in facilisis nisl sagittis ut. Nam et nisl iaculis, vehicula risus et, feugiat ipsum. Morbi porttitor eros sed aliquet varius. Nulla diam nibh, accumsan eu massa nec, ultrices gravida diam. Vivamus id massa ut ex gravida blandit vitae tempor augue.",,banner12.jpg,6,1,rossborden,,,,,,https://twitter.com/rossborden,,,http://matadornetwork.com/,New York City,US,,Matador Network,31
75,satuvanska-westgarth,massive,testing+satuvanska-westgarth@travelmassive.com,Satu,V_nsk_-Westgarth,"Lorem ipsum dolor sit amet, consectetur adipiscing elit. Ut tellus ante, consequat quis massa id, consequat gravida mi. Cras ultricies semper orci. Etiam sit amet ipsum et est venenatis consequat id nec est. Proin vel facilisis ante. Pellentesque maximus tellus velit, in facilisis nisl sagittis ut. Nam et nisl iaculis, vehicula risus et, feugiat ipsum. Morbi porttitor eros sed aliquet varius. Nulla diam nibh, accumsan eu massa nec, ultrices gravida diam. Vivamus id massa ut ex gravida blandit vitae tempor augue.",,banner1.jpg,6,1,satuv_nsk_-westgarth,,,,,,https://twitter.com/SatuVW,,,http://www.todestinationunknown.com/,Oslo,NO,,Destination Unknown,32
76,ann-sophieredisch,massive,testing+ann-sophieredisch@travelmassive.com,Ann-Sophie,Redisch,"Lorem ipsum dolor sit amet, consectetur adipiscing elit. Ut tellus ante, consequat quis massa id, consequat gravida mi. Cras ultricies semper orci. Etiam sit amet ipsum et est venenatis consequat id nec est. Proin vel facilisis ante. Pellentesque maximus tellus velit, in facilisis nisl sagittis ut. Nam et nisl iaculis, vehicula risus et, feugiat ipsum. Morbi porttitor eros sed aliquet varius. Nulla diam nibh, accumsan eu massa nec, ultrices gravida diam. Vivamus id massa ut ex gravida blandit vitae tempor augue.",,banner2.jpg,6,1,ann-sophieredisch,,,,,,https://twitter.com/SophieR,,,http://www.sophiesworld.net/,Oslo,NO,,Sophie's World,33
77,janickehansen,massive,testing+janickehansen@travelmassive.com,Janicke,Hansen,"Lorem ipsum dolor sit amet, consectetur adipiscing elit. Ut tellus ante, consequat quis massa id, consequat gravida mi. Cras ultricies semper orci. Etiam sit amet ipsum et est venenatis consequat id nec est. Proin vel facilisis ante. Pellentesque maximus tellus velit, in facilisis nisl sagittis ut. Nam et nisl iaculis, vehicula risus et, feugiat ipsum. Morbi porttitor eros sed aliquet varius. Nulla diam nibh, accumsan eu massa nec, ultrices gravida diam. Vivamus id massa ut ex gravida blandit vitae tempor augue.",,banner3.jpg,6,1,janickehansen,,,,,,https://twitter.com/janicke_hansen,,,http://norskereiseblogger.blogspot.no/,Oslo,NO,,Norske reiseblogger,34
78,katrinamitchell,massive,testing+katrinamitchell@travelmassive.com,Katrina,Mitchell,"Lorem ipsum dolor sit amet, consectetur adipiscing elit. Ut tellus ante, consequat quis massa id, consequat gravida mi. Cras ultricies semper orci. Etiam sit amet ipsum et est venenatis consequat id nec est. Proin vel facilisis ante. Pellentesque maximus tellus velit, in facilisis nisl sagittis ut. Nam et nisl iaculis, vehicula risus et, feugiat ipsum. Morbi porttitor eros sed aliquet varius. Nulla diam nibh, accumsan eu massa nec, ultrices gravida diam. Vivamus id massa ut ex gravida blandit vitae tempor augue.",,banner4.jpg,6,1,katrinamitchell,,,,,,https://twitter.com/AltTravelGuide,,,http://thealternativetravelguide.org/,Ottawa,CA,,The Alternative Travel Guide,35
79,carolineleal,massive,testing+carolineleal@travelmassive.com,Caroline,Leal,"Lorem ipsum dolor sit amet, consectetur adipiscing elit. Ut tellus ante, consequat quis massa id, consequat gravida mi. Cras ultricies semper orci. Etiam sit amet ipsum et est venenatis consequat id nec est. Proin vel facilisis ante. Pellentesque maximus tellus velit, in facilisis nisl sagittis ut. Nam et nisl iaculis, vehicula risus et, feugiat ipsum. Morbi porttitor eros sed aliquet varius. Nulla diam nibh, accumsan eu massa nec, ultrices gravida diam. Vivamus id massa ut ex gravida blandit vitae tempor augue.",,banner5.jpg,6,1,carolineleal,,,,,,https://twitter.com/Matt_and_Caro,,,http://www.passportandatoothbrush.com/,Ottawa,CA,,Passport and Toothbrush,36
80,nathalieharris,massive,testing+nathalieharris@travelmassive.com,Nathalie,Harris,"Lorem ipsum dolor sit amet, consectetur adipiscing elit. Ut tellus ante, consequat quis massa id, consequat gravida mi. Cras ultricies semper orci. Etiam sit amet ipsum et est venenatis consequat id nec est. Proin vel facilisis ante. Pellentesque maximus tellus velit, in facilisis nisl sagittis ut. Nam et nisl iaculis, vehicula risus et, feugiat ipsum. Morbi porttitor eros sed aliquet varius. Nulla diam nibh, accumsan eu massa nec, ultrices gravida diam. Vivamus id massa ut ex gravida blandit vitae tempor augue.",,banner6.jpg,6,1,nathalieharris,,,,,,https://twitter.com/acooknotmad,,,http://www.acooknotmad.com/,Ottawa,CA,,A Cook Not Mad,37
81,vanessachiasson,massive,testing+vanessachiasson@travelmassive.com,Vanessa,Chiasson,"Lorem ipsum dolor sit amet, consectetur adipiscing elit. Ut tellus ante, consequat quis massa id, consequat gravida mi. Cras ultricies semper orci. Etiam sit amet ipsum et est venenatis consequat id nec est. Proin vel facilisis ante. Pellentesque maximus tellus velit, in facilisis nisl sagittis ut. Nam et nisl iaculis, vehicula risus et, feugiat ipsum. Morbi porttitor eros sed aliquet varius. Nulla diam nibh, accumsan eu massa nec, ultrices gravida diam. Vivamus id massa ut ex gravida blandit vitae tempor augue.",,banner7.jpg,6,1,vanessachiasson,,,,,,https://twitter.com/turnipseeds,,,http://www.turnipseedtravel.com/,Ottawa,CA,,Turnipseeds Travel,38
82,danielebeccari,massive,testing+danielebeccari@travelmassive.com,Daniele,Beccari,"Lorem ipsum dolor sit amet, consectetur adipiscing elit. Ut tellus ante, consequat quis massa id, consequat gravida mi. Cras ultricies semper orci. Etiam sit amet ipsum et est venenatis consequat id nec est. Proin vel facilisis ante. Pellentesque maximus tellus velit, in facilisis nisl sagittis ut. Nam et nisl iaculis, vehicula risus et, feugiat ipsum. Morbi porttitor eros sed aliquet varius. Nulla diam nibh, accumsan eu massa nec, ultrices gravida diam. Vivamus id massa ut ex gravida blandit vitae tempor augue.",,banner8.jpg,6,1,danielebeccari,,,,,,,,,http://www.danielebeccari.com/,Paris,FR,,Criteo,39
83,alexiskovalenko,massive,testing+alexiskovalenko@travelmassive.com,Alexis,Kovalenko,"Lorem ipsum dolor sit amet, consectetur adipiscing elit. Ut tellus ante, consequat quis massa id, consequat gravida mi. Cras ultricies semper orci. Etiam sit amet ipsum et est venenatis consequat id nec est. Proin vel facilisis ante. Pellentesque maximus tellus velit, in facilisis nisl sagittis ut. Nam et nisl iaculis, vehicula risus et, feugiat ipsum. Morbi porttitor eros sed aliquet varius. Nulla diam nibh, accumsan eu massa nec, ultrices gravida diam. Vivamus id massa ut ex gravida blandit vitae tempor augue.",,banner9.jpg,6,1,alexiskovalenko,,,,,,https://twitter.com/Hejorama,,,http://www.hejorama.com/,Paris,FR,,Hejorama,40
84,raphaÌÓllucien,massive,testing+raphaÌÓllucien@travelmassive.com,RaphaÌÓl,Lucien,"Lorem ipsum dolor sit amet, consectetur adipiscing elit. Ut tellus ante, consequat quis massa id, consequat gravida mi. Cras ultricies semper orci. Etiam sit amet ipsum et est venenatis consequat id nec est. Proin vel facilisis ante. Pellentesque maximus tellus velit, in facilisis nisl sagittis ut. Nam et nisl iaculis, vehicula risus et, feugiat ipsum. Morbi porttitor eros sed aliquet varius. Nulla diam nibh, accumsan eu massa nec, ultrices gravida diam. Vivamus id massa ut ex gravida blandit vitae tempor augue.",,banner10.jpg,6,1,raphaÌÓllucien,,,,,,https://twitter.com/rlucien,,,http://www.handy.travel,Paris,FR,,handy,41
85,kaekennedy,massive,testing+kaekennedy@travelmassive.com,Kae,Kennedy,"Lorem ipsum dolor sit amet, consectetur adipiscing elit. Ut tellus ante, consequat quis massa id, consequat gravida mi. Cras ultricies semper orci. Etiam sit amet ipsum et est venenatis consequat id nec est. Proin vel facilisis ante. Pellentesque maximus tellus velit, in facilisis nisl sagittis ut. Nam et nisl iaculis, vehicula risus et, feugiat ipsum. Morbi porttitor eros sed aliquet varius. Nulla diam nibh, accumsan eu massa nec, ultrices gravida diam. Vivamus id massa ut ex gravida blandit vitae tempor augue.",,banner11.jpg,6,1,kaekennedy,,,,,,https://twitter.com/aTravelBroad,,,http://www.atravelbroad.com/,Philadelphia,US,,A Travel Broad,1
86,jeffreyluttrell,massive,testing+jeffreyluttrell@travelmassive.com,Jeffrey,Luttrell,"Lorem ipsum dolor sit amet, consectetur adipiscing elit. Ut tellus ante, consequat quis massa id, consequat gravida mi. Cras ultricies semper orci. Etiam sit amet ipsum et est venenatis consequat id nec est. Proin vel facilisis ante. Pellentesque maximus tellus velit, in facilisis nisl sagittis ut. Nam et nisl iaculis, vehicula risus et, feugiat ipsum. Morbi porttitor eros sed aliquet varius. Nulla diam nibh, accumsan eu massa nec, ultrices gravida diam. Vivamus id massa ut ex gravida blandit vitae tempor augue.",,banner12.jpg,6,1,jeffreyluttrell,,,,,,,,https://www.linkedin.com/in/jeffreyluttrell,http://staffatravel.com/,Philadelphia,US,,Staffa Travel,2
87,cristinaluisa,massive,testing+cristinaluisa@travelmassive.com,Cristina,Luisa,"Lorem ipsum dolor sit amet, consectetur adipiscing elit. Ut tellus ante, consequat quis massa id, consequat gravida mi. Cras ultricies semper orci. Etiam sit amet ipsum et est venenatis consequat id nec est. Proin vel facilisis ante. Pellentesque maximus tellus velit, in facilisis nisl sagittis ut. Nam et nisl iaculis, vehicula risus et, feugiat ipsum. Morbi porttitor eros sed aliquet varius. Nulla diam nibh, accumsan eu massa nec, ultrices gravida diam. Vivamus id massa ut ex gravida blandit vitae tempor augue.",,banner1.jpg,6,1,cristinaluisa,,,,,,https://twitter.com/TravelChronicle,,,http://chroniclesofatraveladdict.com/,Portland,CA,,Chronicles of a Travel Addict,3
88,danajohnson,massive,testing+danajohnson@travelmassive.com,Dana,Johnson,"Lorem ipsum dolor sit amet, consectetur adipiscing elit. Ut tellus ante, consequat quis massa id, consequat gravida mi. Cras ultricies semper orci. Etiam sit amet ipsum et est venenatis consequat id nec est. Proin vel facilisis ante. Pellentesque maximus tellus velit, in facilisis nisl sagittis ut. Nam et nisl iaculis, vehicula risus et, feugiat ipsum. Morbi porttitor eros sed aliquet varius. Nulla diam nibh, accumsan eu massa nec, ultrices gravida diam. Vivamus id massa ut ex gravida blandit vitae tempor augue.",,banner2.jpg,6,1,danajohnson,,,,,,https://twitter.com/danabachjohnson,,,http://www.wonderlustadventures.com/,Portland,CA,,Wonderlust Adventures,4
89,petrklymec,massive,testing+petrklymec@travelmassive.com,Petr,Klymec,Founder & CEO of Tripideo. Co-founder of Magikly. Traveller. Snowboarder. Golfer. Diver. Aikidoka.,petrklymec.jpg,petrklymec.jpg,6,1,petrklymec,,,,,,https://twitter.com/PetrKlymec,,,http://www.tripideo.com/,Prague,CZ,,Tripideo,5
90,adamboril,massive,testing+adamboril@travelmassive.com,Adam,Boril,"Lorem ipsum dolor sit amet, consectetur adipiscing elit. Ut tellus ante, consequat quis massa id, consequat gravida mi. Cras ultricies semper orci. Etiam sit amet ipsum et est venenatis consequat id nec est. Proin vel facilisis ante. Pellentesque maximus tellus velit, in facilisis nisl sagittis ut. Nam et nisl iaculis, vehicula risus et, feugiat ipsum. Morbi porttitor eros sed aliquet varius. Nulla diam nibh, accumsan eu massa nec, ultrices gravida diam. Vivamus id massa ut ex gravida blandit vitae tempor augue.",,banner4.jpg,6,1,adamboril,,,,,,https://twitter.com/aboril,,,http://www.bisport.cz/en,Prague,CZ,,BISPORT,6
91,simonchristy,massive,testing+simonchristy@travelmassive.com,Simon,Christy,"Lorem ipsum dolor sit amet, consectetur adipiscing elit. Ut tellus ante, consequat quis massa id, consequat gravida mi. Cras ultricies semper orci. Etiam sit amet ipsum et est venenatis consequat id nec est. Proin vel facilisis ante. Pellentesque maximus tellus velit, in facilisis nisl sagittis ut. Nam et nisl iaculis, vehicula risus et, feugiat ipsum. Morbi porttitor eros sed aliquet varius. Nulla diam nibh, accumsan eu massa nec, ultrices gravida diam. Vivamus id massa ut ex gravida blandit vitae tempor augue.",simonchristy.jpg,banner5.jpg,6,1,simonchristy,,,,,,https://twitter.com/simonjchristy,,,http://alehap.vn/,Saigon,VN,,Alehap,7
92,thaisfreitas,massive,testing+thaisfreitas@travelmassive.com,Thais,Freitas,"Lorem ipsum dolor sit amet, consectetur adipiscing elit. Ut tellus ante, consequat quis massa id, consequat gravida mi. Cras ultricies semper orci. Etiam sit amet ipsum et est venenatis consequat id nec est. Proin vel facilisis ante. Pellentesque maximus tellus velit, in facilisis nisl sagittis ut. Nam et nisl iaculis, vehicula risus et, feugiat ipsum. Morbi porttitor eros sed aliquet varius. Nulla diam nibh, accumsan eu massa nec, ultrices gravida diam. Vivamus id massa ut ex gravida blandit vitae tempor augue.",,banner6.jpg,6,1,thaisfreitas,,,,,,,https://www.facebook.com/thatissf,,http://www.viajadora.com/,Rio de Janeiro,BR,,Viajadora,8
93,marianayusim,massive,testing+marianayusim@travelmassive.com,Mariana,Yusim,"Lorem ipsum dolor sit amet, consectetur adipiscing elit. Ut tellus ante, consequat quis massa id, consequat gravida mi. Cras ultricies semper orci. Etiam sit amet ipsum et est venenatis consequat id nec est. Proin vel facilisis ante. Pellentesque maximus tellus velit, in facilisis nisl sagittis ut. Nam et nisl iaculis, vehicula risus et, feugiat ipsum. Morbi porttitor eros sed aliquet varius. Nulla diam nibh, accumsan eu massa nec, ultrices gravida diam. Vivamus id massa ut ex gravida blandit vitae tempor augue.",,banner7.jpg,6,1,marianayusim,,,,,,,https://www.facebook.com/mariana.yusim,,http://www.viajadora.com/,Rio de Janeiro,BR,,Viajadora,9
94,francescapietro,massive,testing+francescapietro@travelmassive.com,Francesca,Pietro,"Viaggi da solo o vorresti farlo?Interviste,consigli, paure ed esperienze. Travel Coaching: ti aiuto ad organizzare il tuo viaggio in solitaria.Anche @chetiporto",francescapietro.jpg,banner8.jpg,6,1,francescapietro,,,,,,https://twitter.com/ViaggiaredaSoli,,,http://www.viaggiaredasoli.net/,Rome,IT,,Viaggiare da soli,10
95,matteopennacchi,massive,testing+matteopennacchi@travelmassive.com,Matteo,Pennacchi,"Lorem ipsum dolor sit amet, consectetur adipiscing elit. Ut tellus ante, consequat quis massa id, consequat gravida mi. Cras ultricies semper orci. Etiam sit amet ipsum et est venenatis consequat id nec est. Proin vel facilisis ante. Pellentesque maximus tellus velit, in facilisis nisl sagittis ut. Nam et nisl iaculis, vehicula risus et, feugiat ipsum. Morbi porttitor eros sed aliquet varius. Nulla diam nibh, accumsan eu massa nec, ultrices gravida diam. Vivamus id massa ut ex gravida blandit vitae tempor augue.",,banner9.jpg,6,1,matteopennacchi,,,,,,,,,http://www.aroundtheworldtours.com/,Rome,IT,,Around the World Tours,11
96,haiho,massive,testing+haiho@travelmassive.com,Hai,Ho,"Lorem ipsum dolor sit amet, consectetur adipiscing elit. Ut tellus ante, consequat quis massa id, consequat gravida mi. Cras ultricies semper orci. Etiam sit amet ipsum et est venenatis consequat id nec est. Proin vel facilisis ante. Pellentesque maximus tellus velit, in facilisis nisl sagittis ut. Nam et nisl iaculis, vehicula risus et, feugiat ipsum. Morbi porttitor eros sed aliquet varius. Nulla diam nibh, accumsan eu massa nec, ultrices gravida diam. Vivamus id massa ut ex gravida blandit vitae tempor augue.",,banner10.jpg,6,1,haiho,,,,,,,https://twitter.com/triipme,,http://www.triip.me,Saigon,VN,,Triip,12
97,robrankin,massive,testing+robrankin@travelmassive.com,Rob,Rankin,"Lorem ipsum dolor sit amet, consectetur adipiscing elit. Ut tellus ante, consequat quis massa id, consequat gravida mi. Cras ultricies semper orci. Etiam sit amet ipsum et est venenatis consequat id nec est. Proin vel facilisis ante. Pellentesque maximus tellus velit, in facilisis nisl sagittis ut. Nam et nisl iaculis, vehicula risus et, feugiat ipsum. Morbi porttitor eros sed aliquet varius. Nulla diam nibh, accumsan eu massa nec, ultrices gravida diam. Vivamus id massa ut ex gravida blandit vitae tempor augue.",,banner11.jpg,6,1,robrankin,,,,,,,https://twitter.com/Followourtrail,,http://www.trailsofindochina.com/,Saigon,VN,,Trails of Indochina,13
98,alexanderkim,massive,testing+alexanderkim@travelmassive.com,Alexander,Kim,"Lorem ipsum dolor sit amet, consectetur adipiscing elit. Ut tellus ante, consequat quis massa id, consequat gravida mi. Cras ultricies semper orci. Etiam sit amet ipsum et est venenatis consequat id nec est. Proin vel facilisis ante. Pellentesque maximus tellus velit, in facilisis nisl sagittis ut. Nam et nisl iaculis, vehicula risus et, feugiat ipsum. Morbi porttitor eros sed aliquet varius. Nulla diam nibh, accumsan eu massa nec, ultrices gravida diam. Vivamus id massa ut ex gravida blandit vitae tempor augue.",,banner12.jpg,6,1,alexanderkim,,,,,,,,https://www.facebook.com/kim.alexandr,http://www.sputnik8.com/,Saint Petersburg,RU,,Sputnik,14
99,elenasergeeva,massive,testing+elenasergeeva@travelmassive.com,Elena,Sergeeva,"Lorem ipsum dolor sit amet, consectetur adipiscing elit. Ut tellus ante, consequat quis massa id, consequat gravida mi. Cras ultricies semper orci. Etiam sit amet ipsum et est venenatis consequat id nec est. Proin vel facilisis ante. Pellentesque maximus tellus velit, in facilisis nisl sagittis ut. Nam et nisl iaculis, vehicula risus et, feugiat ipsum. Morbi porttitor eros sed aliquet varius. Nulla diam nibh, accumsan eu massa nec, ultrices gravida diam. Vivamus id massa ut ex gravida blandit vitae tempor augue.",,banner1.jpg,6,1,elenasergeeva,,,,,,,,https://www.facebook.com/elenkajt,http://putevoedelo.podster.ru/,Saint Petersburg,RU,,Putevoe delo,15
100,travelgibson,massive,testing+travelgibson@travelmassive.com,travel,Gibson,"Lorem ipsum dolor sit amet, consectetur adipiscing elit. Ut tellus ante, consequat quis massa id, consequat gravida mi. Cras ultricies semper orci. Etiam sit amet ipsum et est venenatis consequat id nec est. Proin vel facilisis ante. Pellentesque maximus tellus velit, in facilisis nisl sagittis ut. Nam et nisl iaculis, vehicula risus et, feugiat ipsum. Morbi porttitor eros sed aliquet varius. Nulla diam nibh, accumsan eu massa nec, ultrices gravida diam. Vivamus id massa ut ex gravida blandit vitae tempor augue.",,banner2.jpg,6,1,travelgibson,,,,,,,,,http://www.matt-gibson.org/,Salt Lake City,US,,,16
101,katherinebelarmino,massive,testing+katherinebelarmino@travelmassive.com,Katherine,Belarmino,"Lorem ipsum dolor sit amet, consectetur adipiscing elit. Ut tellus ante, consequat quis massa id, consequat gravida mi. Cras ultricies semper orci. Etiam sit amet ipsum et est venenatis consequat id nec est. Proin vel facilisis ante. Pellentesque maximus tellus velit, in facilisis nisl sagittis ut. Nam et nisl iaculis, vehicula risus et, feugiat ipsum. Morbi porttitor eros sed aliquet varius. Nulla diam nibh, accumsan eu massa nec, ultrices gravida diam. Vivamus id massa ut ex gravida blandit vitae tempor augue.",katherinebelarmino.jpg,banner3.jpg,6,1,katherinebelarmino,,,,,,https://twitter.com/katherinebel,,,http://www.katherinebelarmino.com/,San Diego,US,,Travel the World,17
102,elainemasters,massive,testing+elainemasters@travelmassive.com,Elaine,Masters,"Lorem ipsum dolor sit amet, consectetur adipiscing elit. Ut tellus ante, consequat quis massa id, consequat gravida mi. Cras ultricies semper orci. Etiam sit amet ipsum et est venenatis consequat id nec est. Proin vel facilisis ante. Pellentesque maximus tellus velit, in facilisis nisl sagittis ut. Nam et nisl iaculis, vehicula risus et, feugiat ipsum. Morbi porttitor eros sed aliquet varius. Nulla diam nibh, accumsan eu massa nec, ultrices gravida diam. Vivamus id massa ut ex gravida blandit vitae tempor augue.",,banner4.jpg,6,1,elainemasters,,,,,,http://twitter.com/tripwellness,,,http://TripWellness.com/,San Diego,US,,Trip Wellness,18
103,erikahelstrom,massive,testing+erikahelstrom@travelmassive.com,Erika,Helstrom,"Enjoying Life, Pushing the Limits, Making a Difference, Exploring the World. Marketer for Adventure Travel.",erikahelstrom.jpg,erikahelstrom_banner.jpg,6,1,erikahelstrom,,,,,,https://twitter.com/Helstorm,,,http://www.travelmassive.com/,San Francisco,US,,Travel Massive,19
104,sofiateplitzky,massive,testing+sofiateplitzky@travelmassive.com,Sofia,Teplitzky,"Lorem ipsum dolor sit amet, consectetur adipiscing elit. Ut tellus ante, consequat quis massa id, consequat gravida mi. Cras ultricies semper orci. Etiam sit amet ipsum et est venenatis consequat id nec est. Proin vel facilisis ante. Pellentesque maximus tellus velit, in facilisis nisl sagittis ut. Nam et nisl iaculis, vehicula risus et, feugiat ipsum. Morbi porttitor eros sed aliquet varius. Nulla diam nibh, accumsan eu massa nec, ultrices gravida diam. Vivamus id massa ut ex gravida blandit vitae tempor augue.",,banner6.jpg,6,1,sofiateplitzky,,,,,,,,,http://www.nomaders.com/,San Francisco,US,,Nomaders,20
105,stephuniacke,massive,testing+stephuniacke@travelmassive.com,Steph,Uniacke,"Lorem ipsum dolor sit amet, consectetur adipiscing elit. Ut tellus ante, consequat quis massa id, consequat gravida mi. Cras ultricies semper orci. Etiam sit amet ipsum et est venenatis consequat id nec est. Proin vel facilisis ante. Pellentesque maximus tellus velit, in facilisis nisl sagittis ut. Nam et nisl iaculis, vehicula risus et, feugiat ipsum. Morbi porttitor eros sed aliquet varius. Nulla diam nibh, accumsan eu massa nec, ultrices gravida diam. Vivamus id massa ut ex gravida blandit vitae tempor augue.",,banner7.jpg,6,1,stephuniacke,,,,,,https://twitter.com/justcherished,,,http://justcherished.com/,San Francisco,US,,Just Cherished,21
106,lennartruff,massive,testing+lennartruff@travelmassive.com,Lennart,Ruff,"Lorem ipsum dolor sit amet, consectetur adipiscing elit. Ut tellus ante, consequat quis massa id, consequat gravida mi. Cras ultricies semper orci. Etiam sit amet ipsum et est venenatis consequat id nec est. Proin vel facilisis ante. Pellentesque maximus tellus velit, in facilisis nisl sagittis ut. Nam et nisl iaculis, vehicula risus et, feugiat ipsum. Morbi porttitor eros sed aliquet varius. Nulla diam nibh, accumsan eu massa nec, ultrices gravida diam. Vivamus id massa ut ex gravida blandit vitae tempor augue.",,banner8.jpg,6,1,lennartruff,,,,,,https://twitter.com/rwke,,,http://www.recorrido.cl/es,Santiago,CL,,Recorrido,22
107,taniamorales,massive,testing+taniamorales@travelmassive.com,Tania,Morales,"Lorem ipsum dolor sit amet, consectetur adipiscing elit. Ut tellus ante, consequat quis massa id, consequat gravida mi. Cras ultricies semper orci. Etiam sit amet ipsum et est venenatis consequat id nec est. Proin vel facilisis ante. Pellentesque maximus tellus velit, in facilisis nisl sagittis ut. Nam et nisl iaculis, vehicula risus et, feugiat ipsum. Morbi porttitor eros sed aliquet varius. Nulla diam nibh, accumsan eu massa nec, ultrices gravida diam. Vivamus id massa ut ex gravida blandit vitae tempor augue.",,banner9.jpg,6,1,taniamorales,,,,,,https://twitter.com/taniacomunicate,,,http://www.theposhpacker.com/,Santiago,CL,,The Posh Backpacker,23
108,annakojzar,massive,testing+annakojzar@travelmassive.com,Anna,Kojzar,"Lorem ipsum dolor sit amet, consectetur adipiscing elit. Ut tellus ante, consequat quis massa id, consequat gravida mi. Cras ultricies semper orci. Etiam sit amet ipsum et est venenatis consequat id nec est. Proin vel facilisis ante. Pellentesque maximus tellus velit, in facilisis nisl sagittis ut. Nam et nisl iaculis, vehicula risus et, feugiat ipsum. Morbi porttitor eros sed aliquet varius. Nulla diam nibh, accumsan eu massa nec, ultrices gravida diam. Vivamus id massa ut ex gravida blandit vitae tempor augue.",,banner10.jpg,6,1,annakojzar,,,,,,https://twitter.com/AnnaDMV,,,http://www.theposhpacker.com/,Santiago,CL,,The Posh Backpacker,24
109,polyanaoliveira,massive,testing+polyanaoliveira@travelmassive.com,Polyana,Oliveira,"Lorem ipsum dolor sit amet, consectetur adipiscing elit. Ut tellus ante, consequat quis massa id, consequat gravida mi. Cras ultricies semper orci. Etiam sit amet ipsum et est venenatis consequat id nec est. Proin vel facilisis ante. Pellentesque maximus tellus velit, in facilisis nisl sagittis ut. Nam et nisl iaculis, vehicula risus et, feugiat ipsum. Morbi porttitor eros sed aliquet varius. Nulla diam nibh, accumsan eu massa nec, ultrices gravida diam. Vivamus id massa ut ex gravida blandit vitae tempor augue.",,banner11.jpg,6,1,polyanaoliveira,,,,,,http://twitter.com/_polyana,,,http://brazilvibes.com/,SÌÏo Paulo,BR,,Brazil Vibes,25
110,bethwhitman,massive,testing+bethwhitman@travelmassive.com,Beth,Whitman,"Lorem ipsum dolor sit amet, consectetur adipiscing elit. Ut tellus ante, consequat quis massa id, consequat gravida mi. Cras ultricies semper orci. Etiam sit amet ipsum et est venenatis consequat id nec est. Proin vel facilisis ante. Pellentesque maximus tellus velit, in facilisis nisl sagittis ut. Nam et nisl iaculis, vehicula risus et, feugiat ipsum. Morbi porttitor eros sed aliquet varius. Nulla diam nibh, accumsan eu massa nec, ultrices gravida diam. Vivamus id massa ut ex gravida blandit vitae tempor augue.",,banner12.jpg,6,1,bethwhitman,,,,,,https://twitter.com/Wanderluster,,,http://wanderlustandlipstick.com/,Seattle,US,,Wanderlust and Lipstick,26
111,kerynmeans,massive,testing+kerynmeans@travelmassive.com,Keryn,Means,"Lorem ipsum dolor sit amet, consectetur adipiscing elit. Ut tellus ante, consequat quis massa id, consequat gravida mi. Cras ultricies semper orci. Etiam sit amet ipsum et est venenatis consequat id nec est. Proin vel facilisis ante. Pellentesque maximus tellus velit, in facilisis nisl sagittis ut. Nam et nisl iaculis, vehicula risus et, feugiat ipsum. Morbi porttitor eros sed aliquet varius. Nulla diam nibh, accumsan eu massa nec, ultrices gravida diam. Vivamus id massa ut ex gravida blandit vitae tempor augue.",,banner1.jpg,6,1,kerynmeans,,,,,,https://twitter.com/walkingontravel,,,http://walkingontravels.com/,Seattle,US,,Walking on Travels,27
112,maryschimmelman,massive,testing+maryschimmelman@travelmassive.com,Mary,Schimmelman,"Lorem ipsum dolor sit amet, consectetur adipiscing elit. Ut tellus ante, consequat quis massa id, consequat gravida mi. Cras ultricies semper orci. Etiam sit amet ipsum et est venenatis consequat id nec est. Proin vel facilisis ante. Pellentesque maximus tellus velit, in facilisis nisl sagittis ut. Nam et nisl iaculis, vehicula risus et, feugiat ipsum. Morbi porttitor eros sed aliquet varius. Nulla diam nibh, accumsan eu massa nec, ultrices gravida diam. Vivamus id massa ut ex gravida blandit vitae tempor augue.",,banner2.jpg,6,1,maryschimmelman,,,,,,,,,http://www.hollandamerica.com/main/Main.action,Seattle,US,,Holland America Line,28
113,kristengill,massive,testing+kristengill@travelmassive.com,Kristen,Gill,Travel Junkie + Freelance Writer + International Photographer,kristengill.jpg,kristengill_banner.jpg,6,1,kristengill,,,,,,https://twitter.com/kristengill,,,http://www.kristengill.com/,Seattle,US,,Kristen Gill Media,29
114,adamluchsinger,massive,testing+adamluchsinger@travelmassive.com,Adam,Luchsinger,"Lorem ipsum dolor sit amet, consectetur adipiscing elit. Ut tellus ante, consequat quis massa id, consequat gravida mi. Cras ultricies semper orci. Etiam sit amet ipsum et est venenatis consequat id nec est. Proin vel facilisis ante. Pellentesque maximus tellus velit, in facilisis nisl sagittis ut. Nam et nisl iaculis, vehicula risus et, feugiat ipsum. Morbi porttitor eros sed aliquet varius. Nulla diam nibh, accumsan eu massa nec, ultrices gravida diam. Vivamus id massa ut ex gravida blandit vitae tempor augue.",,banner4.jpg,6,1,adamluchsinger,,,,,,,,https://www.linkedin.com/pub/adam-luchsinger/0/674/245,http://google.com,Seattle,US,,Google,30
115,lolaakerstrom,massive,testing+lolaakerstrom@travelmassive.com,Lola,åkerstr_m,"Lorem ipsum dolor sit amet, consectetur adipiscing elit. Ut tellus ante, consequat quis massa id, consequat gravida mi. Cras ultricies semper orci. Etiam sit amet ipsum et est venenatis consequat id nec est. Proin vel facilisis ante. Pellentesque maximus tellus velit, in facilisis nisl sagittis ut. Nam et nisl iaculis, vehicula risus et, feugiat ipsum. Morbi porttitor eros sed aliquet varius. Nulla diam nibh, accumsan eu massa nec, ultrices gravida diam. Vivamus id massa ut ex gravida blandit vitae tempor augue.",,banner5.jpg,6,1,lolaakerstrom,,,,,,https://twitter.com/LolaAkinmade,,,http://slowtravelstockholm.com/,Stockholm,SE,,Slow Travel Stockholm,31
116,katjapresnal,massive,testing+katjapresnal@travelmassive.com,Katja,Presnal,"Lorem ipsum dolor sit amet, consectetur adipiscing elit. Ut tellus ante, consequat quis massa id, consequat gravida mi. Cras ultricies semper orci. Etiam sit amet ipsum et est venenatis consequat id nec est. Proin vel facilisis ante. Pellentesque maximus tellus velit, in facilisis nisl sagittis ut. Nam et nisl iaculis, vehicula risus et, feugiat ipsum. Morbi porttitor eros sed aliquet varius. Nulla diam nibh, accumsan eu massa nec, ultrices gravida diam. Vivamus id massa ut ex gravida blandit vitae tempor augue.",,banner6.jpg,6,1,katjapresnal,,,,,,https://twitter.com/skimbaco,,,http://www.skimbacolifestyle.com/,Stockholm,SE,,Skimbaco Lifestyle,32
117,sofiazetterqvist,massive,testing+sofiazetterqvist@travelmassive.com,Sofia,Zetterqvist,"Lorem ipsum dolor sit amet, consectetur adipiscing elit. Ut tellus ante, consequat quis massa id, consequat gravida mi. Cras ultricies semper orci. Etiam sit amet ipsum et est venenatis consequat id nec est. Proin vel facilisis ante. Pellentesque maximus tellus velit, in facilisis nisl sagittis ut. Nam et nisl iaculis, vehicula risus et, feugiat ipsum. Morbi porttitor eros sed aliquet varius. Nulla diam nibh, accumsan eu massa nec, ultrices gravida diam. Vivamus id massa ut ex gravida blandit vitae tempor augue.",,banner7.jpg,6,1,sofiazetterqvist,,,,,,,https://www.facebook.com/fantasiresor,,http://fantasiresor.se/,Stockholm,SE,,Fantasiresor,33
118,annikamyhre,massive,testing+annikamyhre@travelmassive.com,Annika,Myhre,"Lorem ipsum dolor sit amet, consectetur adipiscing elit. Ut tellus ante, consequat quis massa id, consequat gravida mi. Cras ultricies semper orci. Etiam sit amet ipsum et est venenatis consequat id nec est. Proin vel facilisis ante. Pellentesque maximus tellus velit, in facilisis nisl sagittis ut. Nam et nisl iaculis, vehicula risus et, feugiat ipsum. Morbi porttitor eros sed aliquet varius. Nulla diam nibh, accumsan eu massa nec, ultrices gravida diam. Vivamus id massa ut ex gravida blandit vitae tempor augue.",,banner8.jpg,6,1,annikamyhre,,,,,,http://twitter.com/aniika80,,,http://www.resfredag.se/,Stockholm,SE,,Resfredag,34
119,corinnestoppelli,massive,testing+corinnestoppelli@travelmassive.com,Corinne,Stoppelli,"#Nomad, UX+UI (http://exiledesigns.com ), Entrepreneur (http://cleio.co ), #Travel Blogger (http://vie-nomade.com  + http://en-altitude.com ), Photographer",corinnestoppelli.jpg,corinnestoppelli_banner.jpg,6,1,corinnestoppelli,,,,,,https://twitter.com/corinne,,,http://www.vie-nomade.com/,Switzerland,CH,,Vie Nomade,35
120,jonathanmaitrot,massive,testing+jonathanmaitrot@travelmassive.com,Jonathan,Maitrot,"Lorem ipsum dolor sit amet, consectetur adipiscing elit. Ut tellus ante, consequat quis massa id, consequat gravida mi. Cras ultricies semper orci. Etiam sit amet ipsum et est venenatis consequat id nec est. Proin vel facilisis ante. Pellentesque maximus tellus velit, in facilisis nisl sagittis ut. Nam et nisl iaculis, vehicula risus et, feugiat ipsum. Morbi porttitor eros sed aliquet varius. Nulla diam nibh, accumsan eu massa nec, ultrices gravida diam. Vivamus id massa ut ex gravida blandit vitae tempor augue.",,banner10.jpg,6,1,jonathanmaitrot,,,,,,https://twitter.com/voyagecast,,,http://www.voyagecast.ch/,Switzerland,CH,,Voyagecast,36
121,travelrenner,massive,testing+travelrenner@travelmassive.com,travel,Renner,"Lorem ipsum dolor sit amet, consectetur adipiscing elit. Ut tellus ante, consequat quis massa id, consequat gravida mi. Cras ultricies semper orci. Etiam sit amet ipsum et est venenatis consequat id nec est. Proin vel facilisis ante. Pellentesque maximus tellus velit, in facilisis nisl sagittis ut. Nam et nisl iaculis, vehicula risus et, feugiat ipsum. Morbi porttitor eros sed aliquet varius. Nulla diam nibh, accumsan eu massa nec, ultrices gravida diam. Vivamus id massa ut ex gravida blandit vitae tempor augue.",,banner11.jpg,6,1,travelrenner,,,,,,,,,http://serenarenner.com/,Sydney,AU,,,37
122,bryonmerzeo,massive,testing+bryonmerzeo@travelmassive.com,Bryon,Merzeo,"Lorem ipsum dolor sit amet, consectetur adipiscing elit. Ut tellus ante, consequat quis massa id, consequat gravida mi. Cras ultricies semper orci. Etiam sit amet ipsum et est venenatis consequat id nec est. Proin vel facilisis ante. Pellentesque maximus tellus velit, in facilisis nisl sagittis ut. Nam et nisl iaculis, vehicula risus et, feugiat ipsum. Morbi porttitor eros sed aliquet varius. Nulla diam nibh, accumsan eu massa nec, ultrices gravida diam. Vivamus id massa ut ex gravida blandit vitae tempor augue.",,banner12.jpg,6,1,bryonmerzeo,,,,,,,,,https://www.facebook.com/groups/GoSydneyAdventures,Sydney,AU,,GO SYDNEY! Adventures & Getaways,38
123,roderickeime,massive,testing+roderickeime@travelmassive.com,Roderick,Eime,"Lorem ipsum dolor sit amet, consectetur adipiscing elit. Ut tellus ante, consequat quis massa id, consequat gravida mi. Cras ultricies semper orci. Etiam sit amet ipsum et est venenatis consequat id nec est. Proin vel facilisis ante. Pellentesque maximus tellus velit, in facilisis nisl sagittis ut. Nam et nisl iaculis, vehicula risus et, feugiat ipsum. Morbi porttitor eros sed aliquet varius. Nulla diam nibh, accumsan eu massa nec, ultrices gravida diam. Vivamus id massa ut ex gravida blandit vitae tempor augue.",,banner1.jpg,6,1,roderickeime,,,,,,https://twitter.com/rodeime,,,http://traveloscopy.com/CMS/index.php,Sydney,AU,,Traveloscopy,39
124,sergiomello,massive,testing+sergiomello@travelmassive.com,Sergio,Mello,"Lorem ipsum dolor sit amet, consectetur adipiscing elit. Ut tellus ante, consequat quis massa id, consequat gravida mi. Cras ultricies semper orci. Etiam sit amet ipsum et est venenatis consequat id nec est. Proin vel facilisis ante. Pellentesque maximus tellus velit, in facilisis nisl sagittis ut. Nam et nisl iaculis, vehicula risus et, feugiat ipsum. Morbi porttitor eros sed aliquet varius. Nulla diam nibh, accumsan eu massa nec, ultrices gravida diam. Vivamus id massa ut ex gravida blandit vitae tempor augue.",,banner2.jpg,6,1,sergiomello,,,,,,https://twitter.com/sergiofly,,,http://www.satisfly.com,Taipei,TW,,Satisfly,40
125,isaacmizrachi,massive,testing+isaacmizrachi@travelmassive.com,Isaac,Mizrachi,"Lorem ipsum dolor sit amet, consectetur adipiscing elit. Ut tellus ante, consequat quis massa id, consequat gravida mi. Cras ultricies semper orci. Etiam sit amet ipsum et est venenatis consequat id nec est. Proin vel facilisis ante. Pellentesque maximus tellus velit, in facilisis nisl sagittis ut. Nam et nisl iaculis, vehicula risus et, feugiat ipsum. Morbi porttitor eros sed aliquet varius. Nulla diam nibh, accumsan eu massa nec, ultrices gravida diam. Vivamus id massa ut ex gravida blandit vitae tempor augue.",,banner3.jpg,6,1,isaacmizrachi,,,,,,https://twitter.com/IsaacStories,,,http://www.etourismishere.com/,Tel Aviv,IL,,eTourism is Here,41
126,jonathanmeiri,massive,testing+jonathanmeiri@travelmassive.com,Jonathan,Meiri,"Lorem ipsum dolor sit amet, consectetur adipiscing elit. Ut tellus ante, consequat quis massa id, consequat gravida mi. Cras ultricies semper orci. Etiam sit amet ipsum et est venenatis consequat id nec est. Proin vel facilisis ante. Pellentesque maximus tellus velit, in facilisis nisl sagittis ut. Nam et nisl iaculis, vehicula risus et, feugiat ipsum. Morbi porttitor eros sed aliquet varius. Nulla diam nibh, accumsan eu massa nec, ultrices gravida diam. Vivamus id massa ut ex gravida blandit vitae tempor augue.",,banner4.jpg,6,1,jonathanmeiri,,,,,,https://twitter.com/yoniboy,,,https://www.superfly.com/,Tel Aviv,IL,,Superfly,1
127,giladuziely,massive,testing+giladuziely@travelmassive.com,Gilad,Uziely,"Lorem ipsum dolor sit amet, consectetur adipiscing elit. Ut tellus ante, consequat quis massa id, consequat gravida mi. Cras ultricies semper orci. Etiam sit amet ipsum et est venenatis consequat id nec est. Proin vel facilisis ante. Pellentesque maximus tellus velit, in facilisis nisl sagittis ut. Nam et nisl iaculis, vehicula risus et, feugiat ipsum. Morbi porttitor eros sed aliquet varius. Nulla diam nibh, accumsan eu massa nec, ultrices gravida diam. Vivamus id massa ut ex gravida blandit vitae tempor augue.",,banner5.jpg,6,1,giladuziely,,,,,,,,http://www.linkedin.com/profile/view?id=37442453&locale=en_US&trk=tyah,http://www.mekomy.com/,Tel Aviv,IL,,Mekomy,2
128,aliciataggio,massive,testing+aliciataggio@travelmassive.com,Alicia,Taggio,"Lorem ipsum dolor sit amet, consectetur adipiscing elit. Ut tellus ante, consequat quis massa id, consequat gravida mi. Cras ultricies semper orci. Etiam sit amet ipsum et est venenatis consequat id nec est. Proin vel facilisis ante. Pellentesque maximus tellus velit, in facilisis nisl sagittis ut. Nam et nisl iaculis, vehicula risus et, feugiat ipsum. Morbi porttitor eros sed aliquet varius. Nulla diam nibh, accumsan eu massa nec, ultrices gravida diam. Vivamus id massa ut ex gravida blandit vitae tempor augue.",,banner6.jpg,6,1,aliciataggio,,,,,,,,,http://www.mylifeuntethered.com,Toronto,CA,,My Life Untethered,3
129,cristinacanterelli,massive,testing+cristinacanterelli@travelmassive.com,Cristina,Canterelli,TV journo by trade. Passion for Europe & travel that makes a difference. Also tweets on alternative journalism.,cristinacanterelli.jpg,cristinacanterelli_banner.jpg,6,1,cristinacanterelli,,,,,,https://twitter.com/travelingjourno,,,http://www.chasingtravel.com/,Toronto,CA,,Chasing Travel,4
130,melissashearer,massive,testing+melissashearer@travelmassive.com,Melissa,Shearer,"Lorem ipsum dolor sit amet, consectetur adipiscing elit. Ut tellus ante, consequat quis massa id, consequat gravida mi. Cras ultricies semper orci. Etiam sit amet ipsum et est venenatis consequat id nec est. Proin vel facilisis ante. Pellentesque maximus tellus velit, in facilisis nisl sagittis ut. Nam et nisl iaculis, vehicula risus et, feugiat ipsum. Morbi porttitor eros sed aliquet varius. Nulla diam nibh, accumsan eu massa nec, ultrices gravida diam. Vivamus id massa ut ex gravida blandit vitae tempor augue.",,banner8.jpg,6,1,melissashearer,,,,,,,,,http://themellybooproject.com/, Toronto,CA,,The Mellyboo Project,5
131,trishfreisen,massive,testing+trishfreisen@travelmassive.com,Trish,Freisen,"Lorem ipsum dolor sit amet, consectetur adipiscing elit. Ut tellus ante, consequat quis massa id, consequat gravida mi. Cras ultricies semper orci. Etiam sit amet ipsum et est venenatis consequat id nec est. Proin vel facilisis ante. Pellentesque maximus tellus velit, in facilisis nisl sagittis ut. Nam et nisl iaculis, vehicula risus et, feugiat ipsum. Morbi porttitor eros sed aliquet varius. Nulla diam nibh, accumsan eu massa nec, ultrices gravida diam. Vivamus id massa ut ex gravida blandit vitae tempor augue.",,banner9.jpg,6,1,trishfreisen,,,,,,https://twitter.com/TripStyler,,,http://www.tripstyler.com/,Vancouver,CA,,Trip Styler,6
132,claudialaroye,massive,testing+claudialaroye@travelmassive.com,Claudia,Laroye,"Lorem ipsum dolor sit amet, consectetur adipiscing elit. Ut tellus ante, consequat quis massa id, consequat gravida mi. Cras ultricies semper orci. Etiam sit amet ipsum et est venenatis consequat id nec est. Proin vel facilisis ante. Pellentesque maximus tellus velit, in facilisis nisl sagittis ut. Nam et nisl iaculis, vehicula risus et, feugiat ipsum. Morbi porttitor eros sed aliquet varius. Nulla diam nibh, accumsan eu massa nec, ultrices gravida diam. Vivamus id massa ut ex gravida blandit vitae tempor augue.",,banner10.jpg,6,1,claudialaroye,,,,,,https://twitter.com/travelling_mom,,,http://thetravellingmom.ca/,Vancouver,CA,,The Travelling Mom,7
133,humphreyng,massive,testing+humphreyng@travelmassive.com,Humphrey,Ng,"Lorem ipsum dolor sit amet, consectetur adipiscing elit. Ut tellus ante, consequat quis massa id, consequat gravida mi. Cras ultricies semper orci. Etiam sit amet ipsum et est venenatis consequat id nec est. Proin vel facilisis ante. Pellentesque maximus tellus velit, in facilisis nisl sagittis ut. Nam et nisl iaculis, vehicula risus et, feugiat ipsum. Morbi porttitor eros sed aliquet varius. Nulla diam nibh, accumsan eu massa nec, ultrices gravida diam. Vivamus id massa ut ex gravida blandit vitae tempor augue.",,banner11.jpg,6,1,humphreyng,,,,,,https://twitter.com/humphreyng,,,http://www.juuga.com,Vancouver,CA,,Juuga Creative Services,8
134,stephenjoyce,massive,testing+stephenjoyce@travelmassive.com,Stephen,Joyce,"Lorem ipsum dolor sit amet, consectetur adipiscing elit. Ut tellus ante, consequat quis massa id, consequat gravida mi. Cras ultricies semper orci. Etiam sit amet ipsum et est venenatis consequat id nec est. Proin vel facilisis ante. Pellentesque maximus tellus velit, in facilisis nisl sagittis ut. Nam et nisl iaculis, vehicula risus et, feugiat ipsum. Morbi porttitor eros sed aliquet varius. Nulla diam nibh, accumsan eu massa nec, ultrices gravida diam. Vivamus id massa ut ex gravida blandit vitae tempor augue.",,banner12.jpg,6,1,stephenjoyce,,,,,,http://www.twitter.com/stephenjoyce,,,http://rezgo.com,Vancouver,CA,,Rezgo,9
135,marysiamaciocha,massive,testing+marysiamaciocha@travelmassive.com,Marysia,Maciocha,"Crazy Polish Girl. Addicted to art, red wine, good food and taking a lot pictures! Also known as The Luckiest Girl in the World!",marysiamaciocha.jpg,marysiamaciocha_banner.png,6,1,marysiamaciocha,,,,,,https://twitter.com/mytravelaffairs,,,http://www.mytravelaffairs.com/,Warsaw,PL,,My Travel Affairs,10
136,kamilanapora,massive,testing+kamilanapora@travelmassive.com,Kamila,Napora,"Lorem ipsum dolor sit amet, consectetur adipiscing elit. Ut tellus ante, consequat quis massa id, consequat gravida mi. Cras ultricies semper orci. Etiam sit amet ipsum et est venenatis consequat id nec est. Proin vel facilisis ante. Pellentesque maximus tellus velit, in facilisis nisl sagittis ut. Nam et nisl iaculis, vehicula risus et, feugiat ipsum. Morbi porttitor eros sed aliquet varius. Nulla diam nibh, accumsan eu massa nec, ultrices gravida diam. Vivamus id massa ut ex gravida blandit vitae tempor augue.",,banner2.jpg,6,1,kamilanapora,,,,,,https://twitter.com/mywanderlustpl,,,http://www.mywanderlust.pl/,Warsaw,PL,,Kami & the Rest of the World,11
137,jessmoss,massive,testing+jessmoss@travelmassive.com,Jess,Moss,"Lorem ipsum dolor sit amet, consectetur adipiscing elit. Ut tellus ante, consequat quis massa id, consequat gravida mi. Cras ultricies semper orci. Etiam sit amet ipsum et est venenatis consequat id nec est. Proin vel facilisis ante. Pellentesque maximus tellus velit, in facilisis nisl sagittis ut. Nam et nisl iaculis, vehicula risus et, feugiat ipsum. Morbi porttitor eros sed aliquet varius. Nulla diam nibh, accumsan eu massa nec, ultrices gravida diam. Vivamus id massa ut ex gravida blandit vitae tempor augue.",,banner3.jpg,6,1,jessmoss,,,,,,https://twitter.com/jkmoss,,,http://www.mapquest.com/,Washington D.C.,US,,MapQuest,12
138,taliasalem,massive,testing+taliasalem@travelmassive.com,Talia,Salem,"Lorem ipsum dolor sit amet, consectetur adipiscing elit. Ut tellus ante, consequat quis massa id, consequat gravida mi. Cras ultricies semper orci. Etiam sit amet ipsum et est venenatis consequat id nec est. Proin vel facilisis ante. Pellentesque maximus tellus velit, in facilisis nisl sagittis ut. Nam et nisl iaculis, vehicula risus et, feugiat ipsum. Morbi porttitor eros sed aliquet varius. Nulla diam nibh, accumsan eu massa nec, ultrices gravida diam. Vivamus id massa ut ex gravida blandit vitae tempor augue.",,banner4.jpg,6,1,taliasalem,,,,,,https://twitter.com/theurbanomad,,,http://www.thebrandusa.com/,Washington D.C.,US,,Brand USA,13
139,kathleenrellihan,massive,testing+kathleenrellihan@travelmassive.com,Kathleen,Rellihan,"Lorem ipsum dolor sit amet, consectetur adipiscing elit. Ut tellus ante, consequat quis massa id, consequat gravida mi. Cras ultricies semper orci. Etiam sit amet ipsum et est venenatis consequat id nec est. Proin vel facilisis ante. Pellentesque maximus tellus velit, in facilisis nisl sagittis ut. Nam et nisl iaculis, vehicula risus et, feugiat ipsum. Morbi porttitor eros sed aliquet varius. Nulla diam nibh, accumsan eu massa nec, ultrices gravida diam. Vivamus id massa ut ex gravida blandit vitae tempor augue.",,banner5.jpg,6,1,kathleenrellihan,,,,,,https://twitter.com/k_rellihan,,,http://www.travelchannel.com/,Washington D.C.,US,,Travel Channel,14
140,demo,demo,testing+demo@travelmassive.com,John,Travels,"Hi I'm John Travels, the Travel Massive demo user. Be nice to me - I'm in beta!",demo.jpg,demo_banner.jpg,6,1,johntravels,Tasmania,South Africa,,,,https://twitter.com/travelmassive,http://www.facebook.com/travelmassive,,http://www.travelmassive.com,San Francisco,US,Demo User,Travel Massive,19
